1019496152546,1022754716379,1019539146733,810760214528,814018788352,810803208846.8234
1022754716379,1026013233617,1022797712516,814018788352,817277315584,814061784620.8708
1026013233617,1029271691973,1026056229577,817277315584,820535783936,817320311675.899
1029271691973,1032530258843,1029314693318,820535783936,823794360832,820578785413.3071
1032530258843,1035788728460,1032573275302,823794360832,827052840448,823837377423.0011
1035788728460,1039047291217,1035831728743,827052840448,830311413248,827095840863.5283
1039047291217,1042305829933,1039090307630,830311413248,833569961984,830354429793.2754
1042305829933,1045564323582,1042348826606,833569961984,836828465664,833612958789.3616
1045564323582,1048822840777,1045607340466,836828465664,840086992896,836871482680.5022
1048822840777,1052081355911,1048865857900,840086992896,843345518080,840130010151.6746
1052081355911,1055339871034,1052124375333,843345518080,846604043264,843388537634.8269
1055339871034,1058598384094,1055382835908,846604043264,849862566400,846647008270.8563
1058598384094,1061856918671,1058641357966,849862566400,853121111040,849905540404.7119
1061856918671,1065115412276,1061899933763,853121111040,856379614720,853164126264.9993
1065115412276,1068373950416,1065158389761,856379614720,859638162944,856422592337.9998
1068373950416,1071632467055,1068416965569,859638162944,862896689664,859681178230.0778
1071632467055,1074890959103,1071675482506,862896689664,866155191808,862939705248.2777
1074890959103,1078149498775,1074933941079,866155191808,869413741568,866198173917.0664
1078149498775,1081407988750,1078192464199,869413741568,872672241664,869456707125.4524
1081407988750,1084666528401,1081450975104,872672241664,875930791424,872715228151.357
1084666528401,1087925011223,1084709495182,875930791424,879189284352,875973758338.259
1087925011223,1091183527809,1087968012713,879189284352,882447811072,879232285975.7347
1091183527809,1094442044388,1091226528706,882447811072,885706337792,882490812102.8253
1094442044388,1097700563026,1094485049285,885706337792,888964866560,885749342822.6925
1097700563026,1447474850,1097743564760,888964866560,892223416320,889007868428.0778
1447474850,4706037512,1490454024,892223416320,895481989120,892266395627.7163
4706037512,7964502358,4749034038,895481989120,898740464128,895524985780.0911
7964502358,11223067037,8007487604,898740464128,901999038976,898783449508.144
11223067037,14481530341,11266063008,901999038976,905257512448,902042035081.1685
14481530341,17740098095,14524526820,905257512448,908516090368,905300509061.1394
17740098095,20998607449,17783099160,908516090368,911774609920,908559091567.5784
20998607449,24257123994,21041622339,911774609920,915033136640,911817624944.3177
24257123994,27515590855,24300139919,915033136640,918291613696,915076152699.587
27515590855,30774154980,27558592965,918291613696,921550188032,918334615940.751
30774154980,34032689415,30817171504,921550188032,924808732672,921593204690.7181
34032689415,37291205921,34075686024,924808732672,928067259392,924851729415.7753
37291205921,40549700912,37334202594,928067259392,931325764608,928110256199.9214
40549700912,43808236863,40592719683,931325764608,934584310784,931368783513.9891
43808236863,47066730315,43851238322,934584310784,937842814464,934627312377.9761
47066730315,50325260620,47109697059,937842814464,941101355008,937885781343.0107
50325260620,53583757633,50368265357,941101355008,944359862272,941144359880.2898
53583757633,56842272038,53626733310,944359862272,947618386944,944402838084.4087
56842272038,60100788499,56885251967,947618386944,950876913664,947661367008.3165
60100788499,63359324427,60143765521,950876913664,954135459840,950919890821.1615
63359324427,66617817837,63402339495,954135459840,957393963520,954178475043.5732
66617817837,69876330681,66660799335,957393963520,960652486656,957436945153.757
69876330681,73134846607,69919316567,960652486656,963911012864,960695472677.6387
73134846607,76393357404,73177831724,963911012864,967169533952,963953998116.7551
76393357404,79651866660,76436353058,967169533952,970428053504,967212529741.8545
79651866660,82910414809,79694868235,970428053504,973686611968,970471055215.1223
82910414809,86168926099,82953380356,973686611968,976945133568,973729577650.9438
86168926099,89427441988,86211902703,976945133568,980203659776,976988110308.0974
89427441988,92685956323,89470423529,980203659776,983462184448,980246641453.3506
92685956323,95944518808,92728936645,983462184448,986720757248,983505164906.0546
95944518808,99203029555,95987513786,986720757248,989979278336,986763752362.446
99203029555,102461547465,99246025389,989979278336,993237806592,990022274306.5145
102461547465,105720062295,102504542639,993237806592,996496331776,993280801902.6182
105720062295,108978526944,105763059369,996496331776,999754806784,996539328986.6923
108978526944,112237085283,109021522881,999754806784,1003013375488,999797802857.7638
112237085283,115495601636,112280089289,1003013375488,1006271902208,1003056379630.8176
115495601636,118754115928,115538606026,1006271902208,1009530426880,1006314906734.9905
118754115928,122012633804,118797131470,1009530426880,1012788955136,1009573442559.0259
122012633804,125271171124,122055648214,1012788955136,1016047502848,1012831969683.1799
125271171124,128529687433,125314167033,1016047502848,1019306029568,1016090498894.3724
128529687433,131788199652,128572682277,1019306029568,1022564552192,1019349024549.2902
131788199652,135046715967,131831195456,1022564552192,1025823078912,1022607548133.2928
135046715967,138305231751,135089710724,1025823078912,1029081605120,1025866073806.5404
138305231751,141563746005,138348227496,1029081605120,1032340129792,1029124601002.4644
141563746005,144822253083,141606747342,1032340129792,1035598647296,1032383131266.5881
144822253083,148080770891,144865256967,1035598647296,1038857175552,1035641651317.8862
148080770891,151339283583,148123776333,1038857175552,1042115698688,1038900181131.8386
151339283583,154597799338,151382298243,1042115698688,1045374224896,1042158713485.9868
154597799338,157856313548,154640814555,1045374224896,1048632749568,1045417240251.1074
157856313548,161114806251,157899329311,1048632749568,1051891252736,1048675765469.1498
161114806251,164373320450,161157789314,1051891252736,1055149777408,1051934235937.1494
164373320450,167631834649,164416306136,1055149777408,1058408302080,1055192763232.1578
167631834649,170890347289,167674820924,1058408302080,1061666825216,1058451288493.4631
170890347289,174148861466,170933342882,1061666825216,1064925349888,1061709820947.4799
174148861466,177407370013,174191857676,1064925349888,1068183868928,1064968346236.4557
177407370013,180665887779,177450374014,1068183868928,1071442397184,1068226873067.4408
180665887779,183924404998,180708888826,1071442397184,1074700924928,1071485398369.8932
183924404998,187182919164,183967402091,1074700924928,1077959449600,1074743922159.6299
187182919164,190441504466,187225923589,1077959449600,1081218045440,1078002454164.0728
190441504466,193700015039,190484500866,1081218045440,1084476566528,1081261041978.7466
193700015039,196958532246,193743011597,1084476566528,1087735094272,1084519563225.0371
196958532246,200216996705,197001529019,1087735094272,1090993569280,1087778091184.1984
200216996705,203475512353,200259992151,1090993569280,1094252095488,1091036564865.3369
203475512353,206734019307,203518507536,1094252095488,1097510612992,1094295090810.2046
206734019307,209992535971,206777020353,1097510612992,1257512448,1097553614177.4608
209992535971,213251054676,210035536754,1257512448,4516041728,1300513370.5521495
213251054676,216509619474,213294055227,4516041728,7774617088,4559042418.377868
216509619474,219768086452,216552623336,7774617088,11033094656,7817621089.762329
219768086452,223026601038,219811088543,11033094656,14291619840,11076096886.86011
223026601038,226285186793,223069601391,14291619840,17550216192,14334620332.838188
226285186793,229543703433,226328183854,17550216192,20808743424,17593213392.764465
229543703433,232802197005,229586699270,20808743424,24067247616,20851739401.130943
232802197005,236060734606,232845161426,24067247616,27325795840,24110212177.06621
236060734606,239319247627,236103735216,27325795840,30584319488,27368796590.23804
239319247627,242577763726,239362248584,30584319488,33842846208,30627320585.159855
242577763726,245836271107,242620765008,33842846208,37101364224,33885847630.34605
245836271107,249094769770,245879275811,37101364224,40359873536,37144369068.54236
249094769770,252353285845,249137735927,40359873536,43618400256,40402839833.36289
252353285845,255611796781,252396251867,43618400256,46876921856,43661366418.6132
255611796781,258870311310,255654771405,46876921856,50135447040,46919896620.52252
258870311310,262128829402,258913292981,50135447040,53393975808,50178428851.8224
262128829402,265387363362,262171809982,53393975808,56652520448,53436956528.870895
265387363362,268645879391,265430379177,56652520448,59911047168,56695536404.132385
268645879391,271904395422,268688895642,59911047168,63169573888,59954063560.1074
271904395422,275162909912,271947360398,63169573888,66428099072,63212539005.005196
275162909912,278421424396,275205926547,66428099072,69686624256,66471115848.253944
278421424396,281679938881,278464388754,69686624256,72945149440,69729588755.06908
281679938881,284938451293,281722904725,72945149440,76203672576,72988115425.4037
284938451293,288196967300,284981426840,76203672576,79462199296,76246648264.2904
288196967300,291455478165,288239941296,79462199296,82720720896,79505173433.57567
291455478165,294713994160,291498458319,82720720896,85979247616,82763701191.46384
294713994160,297972510129,294756970709,85979247616,89237774336,86022224306.79489
297972510129,301231022522,298015487219,89237774336,92496297472,89280751567.6913
301231022522,304489535400,301274004240,92496297472,95754821120,92539279332.06268
304489535400,307748049309,304532521280,95754821120,99013345792,95797807141.98407
307748049309,311006565272,307791041382,99013345792,102271872512,99056338006.92526
311006565272,314265129344,311049561487,102271872512,105530447360,102314868869.18755
314265129344,317523645276,314308125597,105530447360,108788974080,105573443755.34811
317523645276,320782102842,317566645714,108788974080,112047442432,108831974660.33813
320782102842,324040668422,320825103354,112047442432,115306018816,112090443086.5712
324040668422,327299136219,324083673660,115306018816,118564497408,115349024196.47234
327299136219,330557698722,327342137500,118564497408,121823070720,118607498831.63985
330557698722,333816214627,330600713954,121823070720,125081597440,121866086094.76735
333816214627,337074746390,333859230010,125081597440,128340140032,125124612965.95198
337074746390,340333242839,337117748689,128340140032,131598647296,128383142473.72528
340333242839,343591758712,340376208463,131598647296,134857174016,131641613063.02466
343591758712,346850272533,343634775747,134857174016,138115698688,134900191194.24867
346850272533,350108786878,346893237065,138115698688,141374223872,138158663362.91562
350108786878,353367299150,350151752243,141374223872,144632747008,141417189380.2481
353367299150,356625811422,353410265305,144632747008,147891270144,144675713306.25073
356625811422,359884325234,356668786182,147891270144,151149794816,147934245047.2266
359884325234,363142843119,359927303257,151149794816,154408323584,151192772982.54068
363142843119,366401356901,363185817609,154408323584,157666848256,154451298217.62137
366401356901,369659869155,366444335002,157666848256,160925371392,157709826500.52798
369659869155,372918383446,369702850823,160925371392,164183896576,160968353203.6849
372918383446,376176895171,372961366084,164183896576,167442419200,164226879357.76743
376176895171,379435410969,376219889032,167442419200,170700945920,167485413205.10825
379435410969,382693925237,379478404209,170700945920,173959471104,170743939304.02704
382693925237,385952437457,382736910733,173959471104,177217994240,174002456744.0012
385952437457,389210951196,385995432139,177217994240,180476518912,177260989066.2562
389210951196,392469464939,389253947347,180476518912,183735043584,180519515207.20837
392469464939,395727972010,392512461032,183735043584,186993561600,183778039821.4196
395727972010,398986489307,395770976269,186993561600,190252089856,187036566003.63132
398986489307,402245003028,399029489931,190252089856,193510614528,190295090624.5137
402245003028,405503518789,402288004168,193510614528,196769141248,193553615812.62088
405503518789,408762036081,405546519902,196769141248,200027669504,196812142505.68674
408762036081,412020574862,408805036669,200027669504,203286219264,200070670236.88196
412020574862,415279135143,412063552402,203286219264,206544790528,203329196948.8561
415279135143,418537648831,415322130625,206544790528,209803315200,206587786154.93182
418537648831,421796158927,418580644314,209803315200,213061836288,209846310828.03757
421796158927,425054676185,421839154448,213061836288,216320364544,213104831954.11652
425054676185,428313143758,425097671718,216320364544,219578843136,216363360222.3959
428313143758,431571705550,428356128596,219578843136,222837415936,219621828119.21042
431571705550,434830219712,431614707856,222837415936,226095941120,222880418387.4563
434830219712,438088734896,434873220017,226095941120,229354467328,226138941570.47586
438088734896,441347239834,438131735286,229354467328,232612983296,229397467863.5558
441347239834,444605755519,441390245416,232612983296,235871510016,232655989023.6389
444605755519,447864270674,444648760657,235871510016,239130036224,235914515299.87497
447864270674,451122786353,447907274911,239130036224,242388562944,239173040606.71353
451122786353,454381298430,451165791692,242388562944,245647086080,242431568428.955
454381298430,457639813574,454424314643,245647086080,248905612288,245690102439.05774
457639813574,460898329224,457682829379,248905612288,252164139008,248948628239.13556
460898329224,464156842821,460941344621,252164139008,255422663680,252207154551.20026
464156842821,467415354861,464199857858,255422663680,258681186816,255465678863.47632
467415354861,470673872031,467458319855,258681186816,261939715072,258724151956.1738
470673872031,473932385616,470716887369,261939715072,265198239744,261982730556.35846
473932385616,477190899185,473975401644,265198239744,268456764416,265241255918.57202
477190899185,480449412742,477233866754,268456764416,271715289088,268499732131.56516
480449412742,483707927836,480492377439,271715289088,274973815296,271758253931.5421
483707927836,486966441391,483750892695,274973815296,278232339968,275016780301.5823
486966441391,490224953397,487009407492,278232339968,281490863104,278275306215.758
490224953397,493483468471,490267919197,281490863104,284749389312,281533829050.8096
493483468471,496741978417,493526434471,284749389312,288007910400,284792355458.91595
496741978417,500000491949,496784952371,288007910400,291266435072,288050884500.9167
500000491949,503259007510,500043469176,291266435072,294524961792,291309412446.1783
503259007510,506517522563,503301988070,294524961792,297783488000,294567942499.13696
506517522563,509776034013,506560499265,297783488000,301042010624,297826464849.3746
509776034013,513034547513,509819015100,301042010624,304300535296,301084991858.3631
513034547513,516293059466,513077533973,304300535296,307559058432,304343521903.52673
516293059466,519551572957,516336045188,307559058432,310817583104,307602044301.49774
519551572957,522810084384,519594558969,310817583104,314076105728,310860569263.7099
522810084384,526068597859,522853079904,314076105728,317334630400,314119101395.74243
526068597859,529327112871,526111593176,317334630400,320593156608,317377625864.7285
529327112871,532585619159,529370109515,320593156608,323851674112,320636153399.9974
532585619159,535844134158,532628621238,323851674112,327110200320,323894676338.92334
535844134158,539102651186,535887135036,327110200320,330368728576,327153201346.1698
539102651186,542361189201,539145648314,330368728576,333627277824,330411725852.22186
542361189201,545619679597,542404166702,333627277824,336885779456,333670255473.196
545619679597,548878193031,545662681496,336885779456,340144304128,336928781503.3055
548878193031,552136777098,548921194268,340144304128,343402899456,340187305513.60345
552136777098,555395245476,552179774114,343402899456,346661379072,343445896620.29065
555395245476,558653808023,555438226471,346661379072,349919952896,346704360215.74554
558653808023,561912322458,558696803758,349919952896,353178478592,349962948779.5876
561912322458,565170833302,561955319116,353178478592,356437000704,353221475398.68335
565170833302,568429349257,565213834458,356437000704,359695527936,356480002008.81744
568429349257,571687817598,568472345215,359695527936,362954007552,359738524042.7752
571687817598,574946378070,571730802188,362954007552,366212579328,362996992291.11426
574946378070,578204845877,574989373887,366212579328,369471058432,366255575294.06506
578204845877,581463409932,578247831852,369471058432,372729633792,369514044556.1321
581463409932,584721872603,581506405576,372729633792,375988107776,372772629585.2758
584721872603,587980436131,584764867144,375988107776,379246682624,376031102466.35974
587980436131,591238952037,588023437282,379246682624,382505209856,379289683924.46405
591238952037,594497465894,591281948523,382505209856,385763735040,382548206491.4612
594497465894,597755981796,594540466942,385763735040,389022262272,385806736237.51654
597755981796,601014495631,597798978184,389022262272,392280787456,389065258809.7511
601014495631,604273000261,601057496622,392280787456,395539303424,392323788596.6224
604273000261,607531466460,604316004813,395539303424,398797780992,395582308126.04565
607531466460,610790029959,607574468467,398797780992,402056355840,398840783148.76843
610790029959,614048545307,610833045242,402056355840,405314882560,402099371273.1205
614048545307,617307013035,614091549363,405314882560,408573361664,405357886766.1362
617307013035,620565571394,617350014550,408573361664,411831931392,408616363329.0308
620565571394,623824040644,620608586228,411831931392,415090412032,411874946376.35864
623824040644,627082602565,623867041216,415090412032,418348985344,415133412754.3177
627082602565,630341116350,627125617519,418348985344,421607510528,418392000448.47577
630341116350,633599629613,630384132381,421607510528,424866035200,421650526709.6116
633599629613,636858145435,633642645725,424866035200,428124562432,424909051462.625
636858145435,640116659205,636901162112,428124562432,431383087616,428167579259.6798
640116659205,643375174498,640159675453,431383087616,434641614336,431426104014.84985
643375174498,646633688264,643418189760,434641614336,437900139520,434684629748.7277
646633688264,649892202008,646676704603,437900139520,441158664704,437943156010.02185
649892202008,653150715747,649935218946,441158664704,444417189888,441201681793.08997
653150715747,656409228984,653193732291,444417189888,447675714560,444460206582.9566
656409228984,659667744755,656452248666,447675714560,450934241792,447718734393.3108
659667744755,662926256438,659710759457,450934241792,454192764928,450977256645.1878
662926256438,666184770146,662969222126,454192764928,457451290112,454235730767.3187
666184770146,669443281822,666227737503,457451290112,460709813248,457494257620.1137
669443281822,672701797061,669486248807,460709813248,463968339968,460752780384.38916
672701797061,675960307169,672744762158,463968339968,467226861568,464011305216.5278
675960307169,679218820874,676003282138,467226861568,470485386752,467269836688.391
679218820874,682477334554,679261798068,470485386752,473743911936,470528364097.7285
682477334554,685735849776,682520316011,473743911936,477002438656,473786893544.6644
685735849776,688994364991,685778830372,477002438656,480260965376,477045419403.7537
688994364991,692252876611,689037342188,480260965376,483519488512,480303942724.88696
692252876611,695511390269,692295857070,483519488512,486778013696,483562469123.0303
695511390269,698769903933,695554371438,486778013696,490036538880,486820995016.9537
698769903933,702028417063,698812885806,490036538880,493295063552,490079520905.2464
702028417063,705286928660,702071400665,493295063552,496553586688,493338047306.213
705286928660,708545443844,705329913516,496553586688,499812113408,496596571696.1777
708545443844,711803957475,708588428404,499812113408,503070638592,499855098120.401
711803957475,715062471102,711846943812,503070638592,506329163776,503113625081.4601
715062471102,718320982668,715105463306,506329163776,509587686912,506372156132.6524
718320982668,721579495773,718363979264,509587686912,512846211584,509630683660.6284
721579495773,724838002217,721622492615,512846211584,516104729600,512889208578.69556
724838002217,728096519401,724881003404,516104729600,519363258368,516147730939.86884
728096519401,731355032494,728139519833,519363258368,522621783040,519406258952.80035
731355032494,734613547617,731398033218,522621783040,525880309760,522664783917.0389
734613547617,737872064777,734656549621,525880309760,529138838528,525923311917.1885
737872064777,741130577850,737915060462,529138838528,532397363200,529181834366.04736
741130577850,744389091432,741173578944,532397363200,535655888384,532440364447.1062
744389091432,747647675649,744432092325,535655888384,538914484224,535698889430.3793
747647675649,750906188694,747690674308,538914484224,542173008896,538957483036.4274
750906188694,754164703794,750949185106,542173008896,545431535616,542216005461.32697
754164703794,757423215297,754207700006,545431535616,548690058752,545474531981.498
757423215297,760681728839,757466217525,548690058752,551948583936,548733061133.6382
760681728839,763940243401,760724725268,551948583936,555207110144,551991580518.6702
763940243401,767198756928,763983238671,555207110144,558465635328,555250105567.8113
767198756928,770457271988,767241753073,558465635328,561724162048,558508631626.8539
770457271988,773715784999,770500267422,561724162048,564982686720,561767157635.8645
773715784999,776974300047,773758785431,564982686720,568241213440,565025687306.0275
776974300047,780232804341,777017300330,568241213440,571499729408,568284213877.0538
780232804341,783491319373,780275809618,571499729408,574758256128,571542734839.2561
783491319373,786749832363,783534335301,574758256128,578016780800,574801272210.2151
786749832363,790008345858,786792847669,578016780800,581275305984,578059796260.3053
790008345858,793266860878,790051361058,581275305984,584533832704,581318321338.4501
793266860878,796525375372,793309876500,584533832704,587792358912,584576848480.6365
796525375372,799783886803,796568391451,587792358912,591050882048,587835375145.5194
799783886803,803042401812,799826902250,591050882048,594309408768,591093897649.5962
803042401812,806300914757,803085365990,594309408768,597567933440,594352373100.6229
806300914757,809559429757,806343930067,597567933440,600826460160,597610948904.7145
809559429757,812817942692,809602395344,600826460160,604084984832,600869425901.7599
812817942692,816076455625,812860957857,604084984832,607343509504,604128000151.9648
816076455625,819334970603,816119420574,607343509504,610602036224,607386474607.8235
819334970603,822593483522,819377989763,610602036224,613860560896,610645055539.1641
822593483522,825851993361,822636448386,613860560896,617119082496,613903525915.0739
825851993361,829110507805,825894958750,617119082496,620377608704,617162048040.1151
829110507805,832369019173,829153473707,620377608704,623636131840,620420574761.1698
832369019173,835627532070,832411994275,623636131840,626894656512,623679107097.2953
835627532070,838886047011,835670509224,626894656512,630153183232,626937633821.3553
838886047011,842144561944,838929023649,630153183232,633411709952,630196160025.4591
842144561944,845403072779,842187536537,633411709952,636670232576,633454684700.4781
845403072779,848661586170,845446053021,636670232576,639928757760,636713212973.5513
848661586170,851920096988,848704567442,639928757760,643187280384,639971739187.7267
851920096988,855178609847,851963082917,643187280384,646445805056,643230266468.8358
855178609847,858437122708,855221595285,646445805056,649704329728,646488790649.8076
858437122708,861695637602,858480114840,649704329728,652962856448,649747322016.0297
861695637602,864954146867,861738632852,652962856448,656221377536,653005851854.0016
864954146867,868212659709,864997143693,656221377536,659479902208,656264374518.0996
868212659709,871471167420,868255655562,659479902208,662738421760,659522898217.2415
871471167420,874729681795,871514168989,662738421760,665996947968,662781423485.1562
874729681795,877988198186,874772682957,665996947968,669255476224,666039949286.577
877988198186,881246713050,878031199434,669255476224,672514002944,669298477628.4586
881246713050,884505225870,881289713877,672514002944,675772527616,672557003927.4044
884505225870,887763809838,884548227324,675772527616,679031123456,675815529226.6672
887763809838,891022324179,887806806298,679031123456,682289649664,679074120072.5864
891022324179,894280833388,891065320724,682289649664,685548170752,682332646365.7452
894280833388,897539346179,894323829566,685548170752,688806695424,685591167086.7701
897539346179,900797861012,897582347576,688806695424,692065222144,688849696977.8683
900797861012,904056376854,900840856392,692065222144,695323749888,692108217681.0442
904056376854,907314889635,904099373386,695323749888,698582274560,695366746576.9034
907314889635,910573402398,907357886325,698582274560,701840799232,698625271407.1416
910573402398,913831908004,910616403859,701840799232,705099316736,701883800850.0142
913831908004,917090422802,913874913208,705099316736,708357843456,705142322097.3441
917090422802,920348937093,917133428172,708357843456,711616369664,708400848983.2788
920348937093,923607450851,920391941104,711616369664,714874895360,711659373832.5509
923607450851,926865914955,923650455056,714874895360,718133371392,714917899722.4221
926865914955,930124478384,926908919320,718133371392,721391946752,718176375914.4574
933382990084,936641503829,933426004553,724650470400,727908996096,724693485026.7609
936641503829,939900019100,936684519011,727908996096,731167523328,727952011435.8954
939900019100,943158534377,939943034976,731167523328,734426050560,731210539361.8187
943158534377,946417048111,943201549435,734426050560,737684576256,734469065775.9082
946417048111,949675562860,946460063374,737684576256,740943102976,737727591677.0278
949675562860,952934074526,949718578365,740943102976,744201626624,740986118639.1741
952934074526,956192588240,952977088713,744201626624,747460152320,744244640969.1691
956192588240,959451101447,956235603150,747460152320,750718677504,747503167388.1057
959451101447,962709616169,959494117092,750718677504,753977204224,750761693307.3856
962709616169,965968129353,962752632591,753977204224,757235729408,754020220804.4149
965968129353,969226644585,966011094793,757235729408,760494256640,757278695006.227
969226644585,972485157767,969269609774,760494256640,763752781824,760537221987.2526
972485157767,975743670933,972528174416,763752781824,767011307008,763795798631.6534
975743670933,979002185627,975786689872,767011307008,770269833728,767054326105.7673
979002185627,982260696741,979045200743,770269833728,773528356864,770312849002.7006
982260696741,985519209896,982303661420,773528356864,776786882048,773571321701.6067
985519209896,988777723047,985562175886,776786882048,780045407232,776829848196.6643
988777723047,992036234661,988820689815,780045407232,783303930880,780088374158.6804
992036234661,995294747790,992079200173,783303930880,786562456064,783346896550.9526
995294747790,998553260925,995337714116,786562456064,789820981248,786605422548.8766
998553260925,1001811775583,998596226505,789820981248,793079507968,789863946987.0452
1001811775583,1005070285125,1001854742481,793079507968,796338029568,793122475024.9976
1005070285125,1008328798240,1005113258999,796338029568,799596554752,796381003601.1681
1008328798240,1011587312892,1008371774992,799596554752,802855081472,799639531663.1655
1011587312892,1014845825995,1011630289974,802855081472,806113606656,802898058713.3384
1014845825995,1018104340636,1014888803920,806113606656,809372133376,806156584740.315
1018104340636,1021362851681,1018147317838,809372133376,812630656512,809415110737.4708
1021362851681,1024621364771,1021405831796,812630656512,815889181696,812673636786.521
1024621364771,1027879877851,1024664345744,815889181696,819147706880,815932162828.6562
1027879877851,1031138415514,1027922860221,819147706880,822406256640,819190689409.5679
1031138415514,1034396928579,1031181430993,822406256640,825664781824,822449272278.9824
1037655441646,1040913954722,1037698457330,828923307008,832181832192,828966322851.8379
1040913954722,1044172442683,1040956969209,832181832192,835440332288,832224846839.191
1044172442683,1047430955740,1044215428397,835440332288,838698857472,835483318161.9772
1047430955740,1050689466726,1047473942312,838698857472,841957380608,838741844204.2838
1050689466726,1053947979778,1050732461391,841957380608,845215905792,842000375433.0765
1053947979778,1057206492296,1053990975333,845215905792,848474430464,845258901507.3701
1057206492296,1060465005332,1057249488277,848474430464,851732955648,848517426605.2925
1060465005332,1063723512726,1060508002219,851732955648,854991475200,851775952695.4281
1066982025746,1070240540287,1067025029607,858250000384,861508527104,858293004405.7308
1070240540287,1073499054838,1070283541036,861508527104,864767053824,861551528013.5874
1073499054838,1076757571415,1073542056035,864767053824,868025582592,864810055181.8793
1080016083910,1083274596898,1080059085458,871284107264,874542632448,871327108972.9467
1086533180549,1089791693523,1086576176365,877801228288,881059753472,877844224265.11
1089791693523,1093050208034,1089834689317,881059753472,884318280192,881102749427.0967
1093050208034,1096308717418,1093093202750,884318280192,887576801792,884361275069.1852
1096308717418,55604135,1096351713127,887576801792,890835328512,887619797662.3337
55604135,3314116598,98600850,890835328512,894093853184,890878325388.1001
3314116598,6572629542,3357118402,894093853184,897352378368,894136855149.5283
6572629542,9831144038,6615625152,897352378368,900610905088,897395374139.2938
9831144038,13089656478,9874140637,900610905088,903869429760,900653901848.4032
13089656478,16348170954,13132657177,903869429760,907127956480,903912430620.5769
16348170954,19606625009,16391173192,907127956480,910386422784,907170958879.6516
19606625009,22865139469,19649625715,910386422784,913644949504,910429423651.7881
22865139469,26123653925,22908143765,913644949504,916903476224,913687953961.8544
26123653925,29382168395,26166656214,916903476224,920162002944,916946478674.662
29382168395,32640682825,29425169623,920162002944,923420529664,920205004334.1859
32640682825,35899241817,32683684647,923420529664,926679100928,923463531647.9484
35899241817,39157756250,35942256968,926679100928,929937627648,926722116241.1989
39157756250,42416270688,39200770928,929937627648,933196154368,929980642488.131
42416270688,45674781537,42459286954,933196154368,936454677504,933239170796.2031
45674781537,48933319001,45717796808,936454677504,939713227264,936497692937.3169
48933319001,52191809869,48976314341,939713227264,942971730432,939756222766.2968
52191809869,55450322753,52234825261,942971730432,946230255616,943014745986.3715
55450322753,58708835107,55493287515,946230255616,949488780288,946273220540.4177
58708835107,61967347978,58751801997,949488780288,952747305472,949531747340.3597
61967347978,65225883358,62010367166,952747305472,956005853184,952790324822.8071
68484372680,71742887055,68527338240,959264354816,962522881536,959307320538.7765
71742887055,75001399384,71785852201,962522881536,965781406208,962565846844.7487
75001399384,78259926553,75044365639,965781406208,969039945728,965824372625.8577
78259926553,81518440413,78302930828,969039945728,972298471936,969082950165.9629
81518440413,84776954782,81561444743,972298471936,975556998656,972341476429.0027
84776954782,88035446100,84819959232,975556998656,978815502336,975600003269.1495
88035446100,91293958413,88078419956,978815502336,982074027008,978858476354.9928
91293958413,94552472768,91336936497,982074027008,985332553728,982117005255.0878
94552472768,97810985054,94595449939,985332553728,988591078400,985375531062.3613
97810985054,101069497354,97853964420,988591078400,991849603072,988634057929.1852
101069497354,104328008104,101112478901,991849603072,995108126208,991892584782.3782
104328008104,107586520393,104370993400,995108126208,998366650880,995151111667.3528
107586520393,110845033184,107629506323,998366650880,1001625176064,998409636973.4869
110845033184,114103573614,110888029000,1001625176064,1004883728896,1001668172043.642
114103573614,117362056186,114146588525,1004883728896,1008142223872,1004926743970.744
117362056186,120620596610,117405052813,1008142223872,1011400776704,1008185220662.7242
120620596610,123879107326,120663563712,1011400776704,1014659299840,1011443743969.7716
123879107326,127137589379,123922073583,1014659299840,1017917794304,1014702266260.6511
127137589379,130396134904,127180591112,1017917794304,1021176352256,1017960796200.9943
130396134904,133654617950,130439099984,1021176352256,1024434847744,1021219317500.0553
133654617950,136913158363,133697619074,1024434847744,1027693400576,1024477849031.8866
136913158363,140171646524,136956133537,1027693400576,1030951901184,1027736375914.1595
140171646524,143430184864,140214646985,1030951901184,1034210451968,1030994901809.214
143430184864,146688673028,143473158888,1034210451968,1037468952576,1034253426156.1156
146688673028,149947187797,146731673380,1037468952576,1040727479808,1037511953092.4656
149947187797,153205724075,149990188362,1040727479808,1043986028544,1040770480537.3993
153205724075,156464214278,153248701816,1043986028544,1047244531200,1044029006449.2484
156464214278,159722752067,156507214775,1047244531200,1050503081472,1047287531861.7289
159722752067,162981240208,159765729752,1050503081472,1053761582080,1050546059321.4329
162981240208,166239824083,163024241659,1053761582080,1057020178432,1053804583695.651
166239824083,169498290707,166282820167,1057020178432,1060278657536,1057063174680.6759
169498290707,172756851515,169541272187,1060278657536,1063537230848,1060321639180.9318
172756851515,176015316605,172799848098,1063537230848,1066795708416,1063580227595.6516
176015316605,179273873830,176058303156,1066795708416,1070054278144,1066838695131.9384
179273873830,182532340428,179316869861,1070054278144,1073312757248,1070097274340.0188
182532340428,185790901234,182575324938,1073312757248,1076571330560,1073355741922.9698
185790901234,189049366291,185833898329,1076571330560,1079829808128,1076614327820.089
189049366291,192307881002,189092362121,1079829808128,1083088335360,1079872804123.2135
192307881002,195566443328,192350866871,1083088335360,1086346910208,1083131321394.186
195566443328,198824904777,195609439182,1086346910208,1089605384192,1086389906227.4011
198824904777,202083469143,198867899884,1089605384192,1092863961088,1089648379464.327
202083469143,205341983837,202126465583,1092863961088,1096122488320,1092906957693.4402
208600436054,211859000402,208643436678,1099380953088,3127902208,1099423953877.5857
211859000402,215117465419,211902004414,3127902208,6386379776,3170906385.643437
215117465419,218376027706,215160466166,6386379776,9644954624,6429380688.757881
218376027706,221634540316,218419031840,9644954624,12903479808,9687958923.945036
221634540316,224893005328,221677553994,12903479808,16161957376,12946493651.74667
224893005328,228151567593,224936007020,16161957376,19420532224,16204959234.051859
228151567593,231410034641,228194583440,19420532224,22679011840,19463548236.913357
231410034641,234668593319,231453034956,22679011840,25937583104,22722012321.0863
234668593319,237927107958,234711609336,25937583104,29196110336,25980599287.241596
237927107958,241185620544,237970122788,29196110336,32454635520,29239125332.303127
241185620544,244444133137,241228636736,32454635520,35713160704,32497651878.215996
244444133137,247702645712,244487148675,35713160704,38971685888,35756176408.451065
247702645712,250961158793,247745660579,38971685888,42230211584,39014700921.52766
250961158793,254219671366,251004123363,42230211584,45488736768,42273176320.28021
254219671366,257478185467,254262636796,45488736768,48747263488,45531702364.38895
257478185467,260736700074,257521150780,48747263488,52005790720,48790228967.46759
260736700074,263995212625,260779715920,52005790720,55264315904,52048806732.769104
263995212625,267253725186,264038229382,55264315904,58522841088,55307332827.64061
267253725186,270512259235,267296740774,58522841088,61781387776,58565856842.84621
270512259235,273770750271,270555254218,61781387776,65039891456,61824382925.834465
273770750271,277029264852,273813769705,65039891456,68298418688,65082911057.02053
277029264852,280287775837,277072279597,68298418688,71556942336,68341433600.160934
280287775837,283546288369,280330740876,71556942336,74815467520,71599907541.82265
283546288369,286804798837,283589254875,74815467520,78073990656,74858434193.03941
286804798837,290063311358,286847764767,78073990656,81332515840,78116956752.97115
290063311358,293321825918,290106276694,81332515840,84591043072,81375481343.0874
293321825918,296580338414,293364800393,84591043072,87849568256,84634017714.33406
296580338414,299838850921,296623303104,87849568256,91108093440,87892533113.15094
299838850921,303097380827,299881816553,91108093440,94366636032,91151059239.27235
303097380827,306355893837,303140396568,94366636032,97625161728,94409651940.46832
306355893837,309614407856,306398909014,97625161728,100883688448,97668177072.66406
309614407856,312872900880,309657422992,100883688448,104142194176,100926703751.70462
312872900880,316131411299,312915881685,104142194176,107400717312,104185175148.74133
316131411299,319389923789,316174392087,107400717312,110659242496,107443698267.43779
319389923789,322648436251,319432906596,110659242496,113917767680,110702225470.815
322648436251,325906947175,322691423658,113917767680,117176291328,113960755254.85942
325906947175,329165461178,325949931989,117176291328,120434818048,117219276309.7568
329165461178,332423973632,329208446496,120434818048,123693343232,120477803533.93034
332423973632,335682486083,332466970191,123693343232,126951868416,123736339959.01382
335682486083,338940996479,335725472890,126951868416,130210391552,126994855391.06818
338940996479,342199508910,338983991498,130210391552,133468916736,130253386739.27171
342199508910,345458021341,342242504947,133468916736,136727441920,133511912941.2757
345458021341,348716528146,345501016896,136727441920,139985961472,136770437643.19492
348716528146,351975040578,348759529348,139985961472,143244486656,140028962842.2827
351975040578,355233554527,352018042801,143244486656,146503013376,143287489047.53738
355233554527,358492068999,355276555269,146503013376,149761540608,146546014286.38638
358492068999,361750584985,358535071307,149761540608,153020069376,149804543084.68277
361750584985,365009096894,361793581165,153020069376,156278594048,153063065724.40823
365009096894,368267634379,365052098730,156278594048,159537144320,156321596052.7458
368267634379,371526121680,368310612195,159537144320,162795644416,159580122304.75964
371526121680,374784704729,371569123598,162795644416,166054240256,162838646502.79654
374784704729,378043217117,374827701064,166054240256,169312765440,166097236759.84424
378043217117,381301725910,378086212461,169312765440,172571287040,169355760952.9857
381301725910,384560239831,381344721334,172571287040,175829813760,172614282632.8802
384560239831,387818753733,384603236310,175829813760,179088340480,175872810408.13504
387818753733,391077266116,387861749789,179088340480,182346865664,179131336704.90912
391077266116,394335780013,391120261694,182346865664,185605392384,182389861411.19745
394335780013,397594292371,394378775678,185605392384,188863917568,185648388218.23746
397594292371,400852806271,397637288616,188863917568,192122444288,188906913982.1605
400852806271,404111320153,400895802574,192122444288,195380971008,192165440760.39825
404111320153,407369825340,404154317066,195380971008,198639489024,195423968090.28235
407369825340,410628337165,407412831060,198639489024,201898013696,198682494913.55423
410628337165,413886849494,410671342456,201898013696,205156538880,201941019156.6581
413886849494,417145363369,413929853856,205156538880,208415065600,205199543411.5224
417145363369,420403873656,417188367278,208415065600,211673588736,208458069678.57355
420403873656,423662385970,420446888905,211673588736,214932113920,211716604154.89542
423662385970,426920899829,423705400308,214932113920,218190640640,214975128427.77292
426920899829,430179411626,426963915788,218190640640,221449165312,218233656768.96423
430179411626,433437923938,430222427204,221449165312,224707690496,221492181059.9231
433437923938,436696435720,433480939651,224707690496,227966215168,224750706379.1613
436696435720,439954949564,436739452582,227966215168,231224741888,228009232199.98093
439954949564,443213463394,439997966029,231224741888,234483268608,231267758523.16415
443213463394,446471975683,443256478961,234483268608,237741793792,234526284345.22668
446471975683,449730487455,446514992405,237741793792,241000318464,237784810684.29727
449730487455,452988999748,449773502277,241000318464,244258843648,241043333456.17093
452988999748,456247513550,453032018783,244258843648,247517370368,244301862853.54398
456247513550,459506025306,456290528638,247517370368,250775895040,247560385626.502
459506025306,462764537587,459548990359,250775895040,254034420224,250818860263.13226
462764537587,466023047286,462807502803,254034420224,257292942848,254077385610.42313
466023047286,469281561074,466066013177,257292942848,260551469568,257335908909.5179
469281561074,472540069756,469324527160,260551469568,263809991168,260594435824.33432
472540069756,475798600942,472583044713,263809991168,267068535296,263852966295.68484
475798600942,479057094240,475841616534,267068535296,270327041536,267111551058.84824
479057094240,482315607504,479100074661,270327041536,273585567744,270370022127.73386
482315607504,485574120252,482358584013,273585567744,276844093440,273628544423.77112
485574120252,488832632985,485617097993,276844093440,280102619136,276887071351.9738
488832632985,492091147266,488875611395,280102619136,283361146368,280145597716.8182
492091147266,495349662049,492134125355,283361146368,286619674112,283404124627.9487
495349662049,498608174255,495392639318,286619674112,289878199296,286662651552.16986
498608174255,501866685452,498651155835,289878199296,293136723456,289921181046.9892
505125197651,508383708824,505168179635,296395248640,299653772800,296438230795.3074
508383708824,511642221027,508426692061,299653772800,302912297984,299696756208.2332
511642221027,514900733727,511685205498,302912297984,306170823680,302955282626.4359
514900733727,518159245917,514943718408,306170823680,309429348864,306213808532.4104
518159245917,521417758106,518202231869,309429348864,312687874048,309472334987.4287
521417758106,524676268748,521460744805,312687874048,315946397696,312730860918.5769
524676268748,527934781436,524719264410,315946397696,319204923392,315989393529.6389
527934781436,531193321761,527977778386,319204923392,322463476736,319247920513.7877
534451807307,537710344564,534494802707,325721975296,328980525568,325764970867.72894
540968824970,544227370907,541011826024,332239019008,335497577984,332282020234.06775
544227370907,547485852856,544270345099,335497577984,338756072960,335540552347.8054
547485852856,550744392142,547528854447,338756072960,342014625280,338799074723.0043
550744392142,554002879188,550787365846,342014625280,345273125376,342057599156.1065
554002879188,557261391828,554045880333,345273125376,348531651072,345316126693.29425
557261391828,560519905495,557304393235,348531651072,351790177792,348574652651.2557
560519905495,563778417627,560562907227,351790177792,355048702976,351833179696.24384
563778417627,567036930248,563821418618,355048702976,358307228672,355091704139.5443
570295442381,573554025658,570338442949,361565753856,364824350208,361608754596.5389
573554025658,576812491673,573597021927,364824350208,368082829312,364867346649.71265
576812491673,580071051406,576855472921,368082829312,371341402112,368125810732.3571
580071051406,583329517422,580114046817,371341402112,374599881216,371384397695.6959
583329517422,586588072011,583372499855,374599881216,377858448896,374642863821.6787
586588072011,589846538021,586631073735,377858448896,381116928000,377901450792.8005
589846538021,593105101832,589889524699,381116928000,384375504896,381159914850.6161
593105101832,596363613912,593148097047,384375504896,387634030080,384418500283.9039
596363613912,599622125976,596406615621,387634030080,390892555264,387677031962.1411
599622125976,602880586857,599665121390,390892555264,394151029248,390935550850.89417
602880586857,606139152186,602923583114,394151029248,397409607680,394194025677.892
606139152186,609397605357,606182148274,397409607680,400668073984,397452603941.29315
609397605357,612656167078,609440602848,400668073984,403926648832,400711071648.21387
612656167078,615914679135,612699171033,403926648832,407185174016,403969652960.2425
615914679135,619173143569,615957683950,407185174016,410443651584,407228179004.34094
619173143569,622431705285,619216145162,410443651584,413702226432,410486653350.2964
622431705285,625690169194,622474709772,413702226432,416960703488,413745231092.5112
625690169194,628948730906,625733170968,416960703488,420219278336,417003705435.34985
628948730906,632207196860,628991735558,420219278336,423477757440,420262283161.55133
632207196860,635465754959,632250197839,423477757440,426736328704,423520758592.72955
635465754959,638724220910,635508771151,426736328704,429994807808,426779345069.6375
638724220910,641982780550,638767222621,429994807808,433253380608,430037809692.66644
641982780550,645241294616,642025795938,433253380608,436511907840,433296396169.80334
645241294616,648499804576,645284310379,436511907840,439770430976,436554923776.9371
648499804576,651758316582,648542825350,439770430976,443028956160,439813451923.98364
651758316582,655016830121,651801333128,443028956160,446287482880,443071972880.00604
655016830121,658275342128,655059845512,446287482880,449546008064,446330498444.94867
658275342128,661533856169,658318357933,449546008064,452804535296,449589024043.1351
661533856169,664792367659,661576821737,452804535296,456063059968,452847501037.8132
664792367659,668050879636,664835386890,456063059968,459321585152,456106079373.3602
668050879636,671309391622,668093843938,459321585152,462580110336,459364549628.019
671309391622,674567903605,671352356334,462580110336,465838635520,462623075222.0602
674567903605,677826415573,674610869276,465838635520,469097160704,465881601365.26184
677826415573,681084925503,677869381148,469097160704,472355683840,469140126453.1297
681084925503,684343438995,681127890479,472355683840,475614210560,472398648990.4172
684343438995,687601950965,684386405413,475614210560,478872735744,475657177152.2385
687601950965,690860459340,687644916235,478872735744,482131257344,478915701188.3791
690860459340,694118971298,690903438868,482131257344,485389782528,482174237046.44995
694118971298,697377484777,694161948678,485389782528,488648309248,485432760082.639
697377484777,700635998265,697420462073,488648309248,491906835968,488691286718.51996
707153020091,710411532017,707196001231,498423884288,501682409472,498466865602.8786
710411532017,713670043436,710454514123,501682409472,504940934144,501725391752.8166
713670043436,716928553320,713713027006,504940934144,508199457280,504983917888.80945
720187067278,723445577148,720230053251,511457984512,514716507648,511500970660.00385
723445577148,726704090592,723488564054,514716507648,517975034368,514759494729.1394
726704090592,729962600449,726747076924,517975034368,521233557504,518018020875.1769
729962600449,733221112353,730005595405,521233557504,524492082688,521276552635.2251
733221112353,736479625276,733264108276,524492082688,527750608896,524535078786.2949
736479625276,739738138188,736522621659,527750608896,531009135104,527793605454.442
739738138188,742996650590,739781133492,531009135104,534267660800,531052130583.4112
746255163498,749513676410,746298159236,537526187008,540784713216,537569182921.43933
749513676410,752772188807,749556672096,540784713216,544043238912,540827709077.4787
752772188807,756030694530,752815185476,544043238912,547301757952,544086235756.72064
756030694530,759289208444,756073695304,547301757952,550560285184,547344758901.7502
759289208444,762547722865,759332210211,550560285184,553818812928,550603287126.8202
762547722865,765806235236,762590723602,553818812928,557077338624,553861813840.8424
765806235236,769064747604,765849236441,557077338624,560335864320,557120340004.884
769064747604,772323260482,769107749311,560335864320,563594390528,560378866202.9125
772323260482,775581774373,772366262790,563594390528,566852917760,563637393012.0599
775581774373,778840286733,775624776213,566852917760,570111443456,566895919775.9922
778840286733,782098799084,778883288408,570111443456,573369969152,570154445307.1102
782098799084,785357311440,782141801249,573369969152,576628494848,573412971493.0463
785357311440,788615823774,785400312047,576628494848,579887020544,576671495631.3302
788615823774,791874339699,788658827989,579887020544,583145549824,579930024935.2524
791874339699,795132875076,791917335232,583145549824,586404098560,583188545533.2686
795132875076,798391364364,795175852212,586404098560,589662601216,586447075872.3143
798391364364,801649876180,798434360946,589662601216,592921126400,589705597974.3928
801649876180,804908388489,801692877928,592921126400,596179652096,592964128324.6648
804908388489,808166900816,804951390769,596179652096,599438177792,596222654552.4294
808166900816,811425413132,808209901544,599438177792,602696703488,599481178696.5682
811425413132,814683952072,811468414895,602696703488,605955255808,602739705427.571
814683952072,817942508412,814726928790,605955255808,609213825536,605998232702.5729
817942508412,821201020711,817985504714,609213825536,612472351232,609256822014.7744
821201020711,824459533011,821244017035,612472351232,615730876928,612515347732.7612
824459533011,827718045306,824502528335,615730876928,618989402624,615773872428.8231
827718045306,830976554012,827761041173,618989402624,622247924736,619032398667.8916
830976554012,834235066302,831019549904,622247924736,625506450432,622290920804.8915
834235066302,837493581658,834278061206,625506450432,628764979200,625549445512.9663
837493581658,840752093942,837536578112,628764979200,632023504896,628807975830.9729
840752093942,844010606221,840795088864,632023504896,635282030592,632066499995.0326
844010606221,847269118486,844053602222,635282030592,638540556288,635325026770.2218
847269118486,850527632298,847312114028,638540556288,641799083520,638583552007.0747
850527632298,853786144551,850570628947,641799083520,645057609216,641842080346.3828
853786144551,857044656299,853829140721,645057609216,648316134400,645100605563.2885
857044656299,860303170614,857087656600,648316134400,651574662144,648359134878.213
860303170614,863561682346,860346166364,651574662144,654833187328,651617658071.4978
863561682346,866820194601,863604682758,654833187328,658091713024,654876187917.372
866820194601,870078708381,866863196102,658091713024,661350240256,658134714702.5215
870078708381,873337209868,870121710404,661350240256,664608755200,661393242456.5902
873337209868,876595723634,873380213996,664608755200,667867282432,664651759505.717
876595723634,879854237406,876638728856,667867282432,671125809664,667910287831.6423
879854237406,883112749629,879897243707,671125809664,674384335360,671168816142.8185
883112749629,886371261349,883155765711,674384335360,677642860544,674427351619.7401
886371261349,889629773567,886414266221,677642860544,680901386240,677685865593.8787
889629773567,892888285784,889672788254,680901386240,684159911936,680944401104.9324
892888285784,896146797482,892931300543,684159911936,687418437120,684202926873.0251
896146797482,899405309689,896189812786,687418437120,690676962816,687461452602.067
899405309689,902663823430,899448325032,690676962816,693935490048,690719978337.0935
902663823430,905922335110,902706838323,693935490048,697194015232,693978505119.2634
905922335110,909180848851,905965351623,697194015232,700452542464,697237031923.0984
909180848851,912439361035,909223864404,700452542464,703711068160,700495558195.3717
912439361035,915697872728,912482376653,703711068160,706969593344,703754083956.0947
915697872728,918956382856,915740887886,706969593344,710228116992,707012608680.4757
918956382856,922214895040,918999398590,710228116992,713486642688,710271132904.3724
922214895040,925473408236,922257911371,713486642688,716745169408,713529659197.5332
925473408236,928731920406,925516423611,716745169408,720003695104,716788184961.5557
928731920406,931990432070,928774935851,720003695104,723262220288,720046710727.4768
931990432070,935248945766,932033449158,723262220288,726520747520,723305237554.6947
935248945766,938507457927,935291961934,726520747520,729779273216,726563763866.6777
938507457927,941765969568,938550423513,729779273216,733037798400,729822238980.5732
941765969568,945024481725,941808984418,733037798400,736296324096,733080813428.7252
945024481725,948282993368,945067496650,736296324096,739554849280,736339339199.752
948282993368,951541504994,948326012461,739554849280,742813374464,739597868551.9937
951541504994,954800018671,951584524694,742813374464,746071901696,742856394342.9564
954800018671,958058528769,954843033865,746071901696,749330425344,746114917068.872
958058528769,961317042430,958101492359,749330425344,752588952576,749373389112.9341
961317042430,964575554046,961360061461,752588952576,755847477760,752631971786.1254
964575554046,967834064124,964618517917,755847477760,759106001408,755890441809.9222
967834064124,971092575731,967877030174,759106001408,762364526592,759148967637.0234
974351089384,977609600994,974394055220,765623053824,768881579008,765666019838.983
977609600994,980868109522,977652567462,768881579008,772140101120,768924545655.1177
980868109522,984126622654,980911074573,772140101120,775398627840,772183066350.1643
984126622654,987385134748,984169596557,775398627840,778657153536,775441601922.3859
987385134748,990643646331,987428108803,778657153536,781915678720,778700127770.3734
990643646331,993902159458,990686621020,781915678720,785174205440,781958653588.2704
993902159458,997160667964,993945133254,785174205440,788432727552,785217179415.4384
997160667964,1000419179531,997203643450,788432727552,791691252736,788475703217.5903
1000419179531,1003677691110,1000462154680,791691252736,794949777920,791734228064.4307
1003677691110,1006936202689,1003720665360,794949777920,798208303104,794992752349.427
1006936202689,1010194714759,1006979177085,798208303104,801466828800,798251277679.7045
1010194714759,1013453226313,1010237691896,801466828800,804725353984,801509806116.7688
1013453226313,1016711739403,1013496204124,804725353984,807983880704,804768331974.7715
1016711739403,1019970251470,1016754720974,807983880704,811242406400,808026862454.7739
1019970251470,1023228763013,1020013230157,811242406400,814500931584,811285385266.9203
1023228763013,1026487274556,1023271742373,814500931584,817759456768,814543911123.9231
1026487274556,1029745786107,1026530254605,817759456768,821017981952,817802436996.8204
1029745786107,1033004297640,1029788770412,821017981952,824276507136,821060966437.0757
1033004297640,1036262809163,1033047279063,824276507136,827535032320,824319488739.1954
1036262809163,1039521320697,1036305790781,827535032320,830793557504,827578014118.0511
1039521320697,1042779832215,1039564303548,830793557504,834052082688,830836540535.2675
1042779832215,1046038342200,1042822815757,834052082688,837310606336,834095066410.2308
1046038342200,1049296853716,1046081328003,837310606336,840569131520,837353592319.3063
1049296853716,1052555365233,1049339838678,840569131520,843827656704,840612116662.2896
1052555365233,1055813876734,1052598361141,843827656704,847086181888,843870652792.5465
1055813876734,1059072389786,1055856863662,847086181888,850344708608,847129168996.3108
1059072389786,1062330897688,1059115376409,850344708608,853603230208,850387695411.7056
1062330897688,1065589409191,1062373894279,853603230208,856861755392,853646226979.5231
1065589409191,1068847922733,1065632404970,856861755392,860120282624,856904751351.6382
1068847922733,1072106434225,1068890918734,860120282624,863378807808,860163278805.6656
1072106434225,1075364940080,1072149429950,863378807808,866637327360,863421803713.7308
1075364940080,1078623451558,1075407941163,866637327360,869895852544,866680328623.8718
1078623451558,1081881963034,1078666451852,869895852544,873154377728,869938853018.8948
1081881963034,1085140478102,1081924964076,873154377728,876412906496,873197378950.7922
1085140478102,1088398989569,1085183475278,876412906496,879671431680,876455903853.0005
1088398989569,1091657501031,1088441990034,879671431680,882929956864,879714432326.0803
1091657501031,1094916014039,1091700502278,882929956864,886188483584,882972958291.9515
1094916014039,1098174525490,1094959015007,886188483584,889447008768,886231484733.2275
1098174525490,1921409168,1098217527241,889447008768,892705533952,889490010700.1913
1921409168,5179921648,1964410124,892705533952,895964060160,892748535089.1615
5179921648,8438433610,5222923872,895964060160,899222585856,896007062565.2461
8438433610,11696946069,8481437615,899222585856,902481112064,899265590042.4515
11696946069,14955458537,11739947795,902481112064,905739638272,902524113971.3231
14955458537,18213970488,14998459995,905739638272,908998163968,905782639911.388
18213970488,21472482430,18256971209,908998163968,912256689664,909041164870.5037
21472482430,24730994890,21515487535,912256689664,915515215872,912299694950.443
24730994890,27989506822,24773996138,915515215872,918773741568,915558217301.6378
27989506822,31248018752,28032508342,918773741568,922032267264,918816743269.6654
31248018752,34506530680,31291023623,922032267264,925290792960,922075272316.7059
34506530680,37765042622,34549532238,925290792960,928549318656,925333794699.5072
37765042622,41023554530,37808047020,928549318656,931807844352,928592323235.9679
41023554530,44282066450,41066555139,931807844352,935066370048,931850845142.7935
44282066450,47540578362,44325067340,935066370048,938324895744,935109371119.9003
47540578362,50799160932,47583579531,938324895744,941583492096,938367897094.8711
50799160932,54057672833,50842157777,941583492096,944842017792,941626489123.0283
54057672833,57316186781,54100669475,944842017792,948100545536,944885014616.0406
57316186781,60574698684,57359182200,948100545536,951359071232,948143541136.996
60574698684,63833210077,60617695435,951359071232,954617596416,951402068164.9752
63833210077,67091721953,63876205585,954617596416,957876122112,954660592106.3525
67091721953,70350230262,67134717262,957876122112,961134644224,957919117603.1277
70350230262,73608742146,70393226411,961134644224,964393169920,961177640555.2496
73608742146,76867207943,73651738619,964393169920,967651649536,964436166575.346
76867207943,80125767441,76910203718,967651649536,970910222848,967694645493.2719
80125767441,83384277264,80168763542,970910222848,974168746496,970953219131.4211
83384277264,86642744594,83427273672,974168746496,977427227648,974211743086.3853
86642744594,89901302534,86685728529,977427227648,980685799424,977470211765.512
89901302534,93159816443,89944298086,980685799424,983944327168,980728795158.5505
93159816443,96418329846,93202811800,983944327168,987202854400,983987322707.4706
96418329846,99676841179,96461324532,987202854400,990461379584,987245849268.7582
99676841179,102935353039,99719843403,990461379584,993719905280,990504381990.5922
102935353039,106193864888,102978348958,993719905280,996978430976,993762901381.7106
106193864888,109452374674,106236860665,996978430976,1000236954624,997021426935.908
109452374674,112710888052,109495371333,1000236954624,1003495481856,1000279951465.8059
112710888052,115969348187,112753884059,1003495481856,1006753955840,1003538478045.7402
115969348187,119227911211,116012344560,1006753955840,1010012532736,1006796952396.0394
119227911211,122486371848,119270911541,1010012532736,1013271007232,1010055533248.8905
122486371848,125744934871,122529368426,1013271007232,1016529584128,1013314003993.0536
125744934871,129003394986,125787935420,1016529584128,1019788058112,1016572584860.0234
129003394986,132261959534,129046391312,1019788058112,1023046636544,1019831054621.1975
132261959534,135520471359,132304956239,1023046636544,1026305162240,1023089633432.0305
135520471359,138778973941,135563472011,1026305162240,1029563678720,1026348163075.4042
138778973941,142037437629,138821979113,1029563678720,1032822156288,1029606684075.1881
142037437629,145295999094,142080438569,1032822156288,1036080731648,1032865157411.3625
145295999094,148554512428,145339004028,1036080731648,1039339258880,1036123736765.4219
148554512428,151813023715,148597518793,1039339258880,1042597784064,1039382265428.4148
151813023715,155071535505,151856039697,1042597784064,1045856309760,1042640800229.5747
155071535505,158330046784,155114540619,1045856309760,1049114834944,1045899315057.5151
158330046784,161588508902,158373062055,1049114834944,1052373310976,1049157850398.68
161588508902,164847068297,161631513348,1052373310976,1055631884288,1052416315605.668
164847068297,168105579569,164890083907,1055631884288,1058890409472,1055674900081.6523
168105579569,171364046795,168148595598,1058890409472,1062148890624,1058933425684.8414
171364046795,174622604641,171407047367,1062148890624,1065407462400,1062191891379.823
174622604641,177881117951,174665619975,1065407462400,1068665989632,1065450477917.7831
177881117951,181139629201,177924132698,1068665989632,1071924514816,1068709004562.9391
181139629201,184398140447,181182644378,1071924514816,1075183040000,1071967530176.9938
184398140447,187656652204,184441156573,1075183040000,1078441565696,1075226056310.0109
187656652204,190915186491,187699667239,1078441565696,1081700113920,1078484580914.9785
190915186491,194173675199,190958181512,1081700113920,1084958616576,1081743109125.0408
194173675199,197432205890,194216695757,1084958616576,1088217161216,1085001637318.1609
197432205890,200690697667,197475201304,1088217161216,1091475666944,1088260156814.0818
200690697667,203949210936,200733663309,1091475666944,1094734194176,1091518632770.1113
203949210936,207207743668,203992227234,1094734194176,1097992740864,1094777210658.2349
207207743668,210466235428,207250739426,1097992740864,1739618816,1098035736806.3076
210466235428,213724766616,210509251095,1739618816,4998163968,1782634667.337894
213724766616,216983258375,213767768405,4998163968,8256669696,5041165941.346631
216983258375,220241769585,217026274955,8256669696,11515194880,8299686460.474961
220241769585,223500280788,220284735952,11515194880,14773720064,11558161431.351906
223500280788,226758792510,223543295752,14773720064,18032245760,14816735212.467997
226758792510,230017305243,226801807435,18032245760,21290772480,18075260869.639366
230017305243,233275814905,230060271487,21290772480,24549296128,21333738908.417404
233275814905,236534326096,233318778567,24549296128,27807821312,24592259974.498524
236534326096,239792837784,236577292280,27807821312,31066347008,27850787680.70711
239792837784,243051348982,239835802400,31066347008,34324872192,31109311808.410343
243051348982,246309860165,243094315119,34324872192,37583397376,34367838513.61465
246309860165,249568369799,246352825770,37583397376,40841921024,37626363165.78388
249568369799,252826882518,249611335901,40841921024,44100447744,40884887310.61441
252826882518,256085394207,252869848596,44100447744,47358973440,44143414006.69347
256085394207,259343905365,256128360266,47358973440,50617498624,47401939683.94394
259343905365,262602416547,259386871439,50617498624,53876023808,50660464882.627556
262602416547,265860924116,262645382075,53876023808,57134545408,53918989521.00781
265860924116,269119435270,265903898861,57134545408,60393070592,57177520338.03409
269119435270,272377946439,269162409004,60393070592,63651595776,60436044510.83192
272377946439,275636457570,272420923230,63651595776,66910120960,63694572752.34625
275636457570,278894970782,275679439011,66910120960,70168648192,66953102585.93092
278894970782,282153483972,278937951720,70168648192,73427175424,70211629315.21892
282153483972,285411995105,282196460845,73427175424,76685700608,73470152482.32024
285411995105,288670525699,285454973040,76685700608,79944245248,76728678728.25775
288670525699,291929015328,288713542067,79944245248,83202748928,79987261801.49178
291929015328,295187526975,291972000994,83202748928,86461274624,83245734779.33174
295187526975,298446038105,295230512136,86461274624,89719799808,86504259970.39555
298446038105,301704550247,298489020724,89719799808,92978326016,89762782612.5428
301704550247,304963062389,301747536517,92978326016,96236852224,93021312471.55856
304963062389,308221574534,305006045639,96236852224,99495378432,96279835659.50597
308221574534,311480086678,308264557288,99495378432,102753904640,99538361371.51703
311480086678,314738598800,311523068927,102753904640,106012430848,102796887074.80504
314738598800,317997110930,314781584691,106012430848,109270957056,106055416924.71524
317997110930,321255622553,318040092754,109270957056,112529482752,109313939065.63173
321255622553,324514134681,321298604423,112529482752,115788008960,112572464807.72423
324514134681,327772667790,324557116561,115788008960,119046556160,115830991025.86821
327772667790,331031158394,327815683018,119046556160,122305060864,119089571574.13365
331031158394,334289670003,331074140408,122305060864,125563586560,122348043063.81723
334289670003,337548182104,334332656165,125563586560,128822112768,125606572908.09898
337548182104,340806693705,337591164219,128822112768,132080638464,128865095068.92319
340806693705,344065205292,340849675850,132080638464,135339164160,132123620795.10803
344065205292,347323718928,344108188539,135339164160,138597691904,135382147593.09946
347323718928,350582228984,347366700705,138597691904,141856216064,138640673867.04053
350582228984,353840740573,350625212358,141856216064,145114741760,141899199624.08694
353840740573,357099252656,353883723975,145114741760,148373267968,145157725348.32446
357099252656,360357764229,357142235632,148373267968,151631793664,148416251130.29626
360357764229,363616277855,360400747272,151631793664,154890321408,151674776893.2305
363616277855,366874785839,363659263520,154890321408,158148843520,154933307259.37408
366874785839,370133324035,366917771554,158148843520,161407395840,158191829421.31982
370133324035,373391808963,370176340564,161407395840,164665894912,161450412555.72046
373391808963,376650347157,373434805115,164665894912,167924447232,164708891250.39145
376650347157,379908832600,376693313162,167924447232,171182946816,167967413423.46155
379908832600,383167370773,379951828376,171182946816,174441499136,171225942778.6669
383167370773,386425855707,383210387140,174441499136,177699998208,174484515689.64056
386425855707,389684393873,386468851678,177699998208,180958550528,177742994365.7601
389684393873,392942880841,389727413499,180958550528,184217051648,181001570340.8394
392942880841,396201392390,392985866764,184217051648,187475577344,184260037757.62567
396201392390,399459903922,396244378391,187475577344,190734103040,187518563531.85025
399459903922,402718413916,399502890551,190734103040,193992627200,190777089855.87946
402718413916,405976925442,402761408324,193992627200,197251152896,194035621794.96597
405976925442,409235436976,406019920986,197251152896,200509678592,197294148626.86536
409235436976,412493977177,409278433133,200509678592,203768232960,200552674935.93234
412493977177,415752460022,412536941192,203768232960,207026729984,203811197161.9541
415752460022,419010971538,415795456384,207026729984,210285255680,207069726533.1064
419010971538,422269483049,419053967982,210285255680,213543781376,210328252311.17273
422269483049,425527994567,422312478598,213543781376,216802307072,213586777112.07648
425527994567,428786506585,425570990748,216802307072,220060833280,216845303440.23755
428786506585,432045018092,428829502366,220060833280,223319358976,220103829248.22266
432045018092,435303522429,432088014498,223319358976,226577877504,223362355569.25217
435303522429,438562033928,435346523064,226577877504,229836403200,226620878326.34937
438562033928,441820545423,438605035667,229836403200,233094928896,229879405126.40695
441820545423,445079063562,441863547288,233094928896,236353461248,233137930948.5655
445079063562,448337568405,445122060445,236353461248,239611980288,236396458318.33337
448337568405,451596079881,448380568971,239611980288,242870505984,239654981041.6526
451596079881,454854591361,451639080600,242870505984,246129031680,242913506890.60046
454854591361,458113104384,454897592214,246129031680,249387558912,246172032720.50858
458113104384,461371615862,458156105902,249387558912,252646084608,249430560617.63034
461371615862,464630125281,461414617532,252646084608,255904608256,252689086465.77628
464630125281,467888638804,464673130173,255904608256,259163136000,255947613335.68454
467888638804,471147182015,467931640264,259163136000,262421693440,259206137647.7734
471147182015,474405661202,471190148295,262421693440,265680186880,262464659907.93994
474405661202,477664172672,474448663505,265680186880,268938712576,265723189370.73932
477664172672,480922716379,477707173059,268938712576,272197270528,268981713150.97983
480922716379,484181227314,480965682630,272197270528,275455795712,272240236966.88522
484181227314,487439708567,484224192720,275455795712,278714291200,275498761305.69867
487439708567,490698220009,487482709462,278714291200,281972816896,278757292283.10266
490698220009,493956763198,490741221074,281972816896,285231374336,282015818149.06195
493956763198,497215242887,493999729101,285231374336,288489868288,285274340427.0701
497215242887,500473755854,497258243302,288489868288,291748395520,288532868891.24567
500473755854,503732267289,500516756977,291748395520,295006921216,291791396831.19604
503732267289,506990778198,503775268590,295006921216,298265446400,295049922705.3816
506990778198,510249289617,507033779192,298265446400,301523972096,298308447582.4067
510249289617,513507804625,510292290809,301523972096,304782501376,301566973476.3413
513507804625,516766315533,513550800362,304782501376,308041026560,304825497301.3704
516766315533,520024826951,516809317077,308041026560,311299552256,308084028292.42224
520024826951,523283338370,520067827685,311299552256,314558077952,311342553178.4055
523283338370,526541849774,523326339822,314558077952,317816603648,314601079592.60657
526541849774,529800360666,526584851427,317816603648,321075128832,317859605489.6075
529800360666,533058872069,529843362027,321075128832,324333654528,321118130381.61945
533058872069,536317383469,533101873118,324333654528,327592180224,324376655765.6576
536317383469,539575894354,536360388868,327592180224,330850705408,327635185811.7163
539575894354,542834476916,539618895337,330850705408,334109302272,330893706579.73236
542834476916,546092941708,542877472476,334109302272,337367781376,334152298020.84735
546092941708,549351500725,546135922669,337367781376,340626354688,337410762525.5535
549351500725,552610012098,549394496745,340626354688,343884880384,340669350896.9918
552610012098,555868517842,552653008335,343884880384,347143400448,343927876809.9535
555868517842,559127030761,555911514313,347143400448,350401927680,347186397107.86176
559127030761,562385542141,559170027970,350401927680,353660453376,350444925077.90466
562385542141,565644006912,562428538058,353660453376,356918932480,353703449482.126
565644006912,568902565897,565686991808,356918932480,360177505792,356961917564.9929
568902565897,572161077260,568945562305,360177505792,363436031488,360220502389.1255
572161077260,575419590149,572204073901,363436031488,366694558720,363479028318.25836
575419590149,578678101002,575462586029,366694558720,369953083904,366737554789.0968
578678101002,581936560639,578721097635,369953083904,373211557888,369996080726.3142
581936560639,585195123189,581979556505,373211557888,376470134784,373254553943.2916
585195123189,588453634551,585238119299,376470134784,379728660480,376513131083.1373
588453634551,591712145375,588496636517,379728660480,382987185664,379771662635.5063
591712145375,594970658254,591755146057,382987185664,386245712896,383030186535.40814
594970658254,598229169597,595013654088,386245712896,389504238592,386288708919.38684
598229169597,601487681970,598272166719,389504238592,392762765312,389547235903.3133
601487681970,604746182529,601530678337,392762765312,396021280256,392805761868.8121
604746182529,608004697449,604789187406,396021280256,399279809536,396064285322.51886
608004697449,611263208257,608047702568,399279809536,402538334720,399322814844.7313
611263208257,614521719074,611306212633,402538334720,405796859904,402581339285.60925
614521719074,617780231925,614564733954,405796859904,409055387136,405839874973.8403
617780231925,621038743252,617823236867,409055387136,412313912832,409098392267.6381
621038743252,624297254054,621081748472,412313912832,415572438016,412356918241.811
624297254054,627555763316,624340258010,415572438016,418830961664,415615442161.8583
627555763316,630814274113,627598778310,418830961664,422089486848,418873976847.9201
630814274113,634072785406,630857288909,422089486848,425348012544,422132501834.13043
634072785406,637331297731,634115800008,425348012544,428606539264,425391027336.02386
637331297731,640589760902,637374313643,428606539264,431865016832,428649555366.05896
640589760902,643848272707,640632762761,431865016832,435123543040,431908018881.07324
643848272707,647106785028,643891277447,435123543040,438382069760,435166547970.03314
647106785028,650365296832,647149785447,438382069760,441640595968,438425070369.08
650365296832,653623808624,650408297557,441640595968,444899122176,441683596883.23975
653623808624,656882320417,653666809682,444899122176,448157648384,444942123424.228
656882320417,660140832215,656925324336,448157648384,451416174592,448200652493.1747
660140832215,663399344000,660183833884,451416174592,454674700800,451459176451.3363
663399344000,666657855267,663442345485,454674700800,457933226496,454717702475.4147
666657855267,669916367054,666700856533,457933226496,461191752704,457976227952.3081
669916367054,673174878321,669959368662,461191752704,464450278400,461234754502.4153
673174878321,676433390091,673217878711,464450278400,467708804608,464493278980.52856
676433390091,679691901354,676476390825,467708804608,470967330304,467751805532.4641
679691901354,682950413126,679734905475,470967330304,474225856512,471010334615.51874
682950413126,686208924378,682993413471,474225856512,477484382208,474268857047.6076
686208924378,689467435636,686251926598,477484382208,480742907904,477527384618.53674
689467435636,692725946881,689510436100,480742907904,484001433600,480785908558.7005
692725946881,695984458627,692768948229,484001433600,487259959808,484044435138.84955
695984458627,699242969878,696027459779,487259959808,490518485504,487302961150.6244
699242969878,702501481111,699285974436,490518485504,493777011200,490561490252.877
702501481111,705759992345,702544482949,493777011200,497035536896,493820013228.85175
705759992345,709018503576,705802993997,497035536896,500294062592,497078538738.89056
709018503576,712277085981,709061504536,500294062592,503552659456,500337063742.80414
712277085981,715535597205,712320082175,503552659456,506811185152,503595655840.9587
715535597205,718794110489,715578592716,506811185152,510069712896,506854180853.7971
718794110489,722052597127,718837105807,510069712896,513328214016,510112708405.08813
722052597127,725311108351,722095612284,513328214016,516586739712,513371229364.04285
725311108351,728569619569,725354124369,516586739712,519845265408,516629755921.1259
728569619569,731828132312,728612635428,519845265408,523103792640,519888281458.2703
731828132312,735086644035,731871147497,523103792640,526362318848,523146808016.21454
735086644035,738345155233,735129659591,526362318848,529620844544,526405334595.3879
738345155233,741603666444,738388119439,529620844544,532879370240,529663808940.988
741603666444,744862177647,741646682172,532879370240,536137895936,532922386159.3227
744862177647,748120688840,744905193743,536137895936,539396421632,536180912223.4563
748120688840,751379200034,748163704782,539396421632,542654947328,539439437765.44244
751379200034,754637711226,751422215818,542654947328,545913473024,542697963303.4681
754637711226,757896223945,754680727376,545913473024,549172000256,545956489365.58844
757896223945,761154735129,757939239463,549172000256,552430525952,549215015965.5725
761154735129,764413246323,761197750508,552430525952,555689051648,552473541522.4398
764413246323,767671755458,764456210884,555689051648,558947575296,555732016400.3589
767671755458,770930268678,767714721386,558947575296,562206103040,558990541415.5098
770930268678,774188779847,770973284658,562206103040,565464628736,562249119211.7726
774188779847,777447291018,774231745024,565464628736,568723154432,565507594104.5198
777447291018,780705821644,777490307768,568723154432,571981699584,568766171373.7617
780705821644,783964332812,780748817286,571981699584,575240225280,572024695417.6951
783964332812,787222845507,784007335490,575240225280,578498752512,575283228149.8452
787222845507,790481354621,787265841414,578498752512,581757276160,578541748610.7755
790481354621,793739867824,790524350916,581757276160,585015803904,581800272646.8694
793739867824,796998357471,793782869107,585015803904,588274308096,585058805378.9458
796998357471,800256868630,797041373455,588274308096,591532833792,588317324271.9047
800256868630,803515379783,800299884493,591532833792,594791359488,591575849846.9833
803515379783,806773890932,803558396030,594791359488,598049885184,594834375927.0377
806773890932,810032401548,806816907055,598049885184,601308410368,598092901499.3145
810032401548,813290912684,810075420662,601308410368,604566936064,601351429674.2223
813290912684,816549423823,813333880474,604566936064,607825461760,604609904045.9534
816549423823,819807934956,816592443227,607825461760,611083987456,607868481356.2632
819807934956,823066446086,819850897943,611083987456,614342513152,611126950635.0505
823066446086,826324980257,823109411026,614342513152,617601061888,614385478284.0447
826324980257,829583490866,826367976346,617601061888,620859587072,617644058169.3173
829583490866,832842001998,829626487382,620859587072,624118112768,620902583780.1741
832842001998,836100514634,832885003041,624118112768,627376640000,624161114003.6166
836100514634,839359025753,836143516118,627376640000,630635165696,627419641676.3678
839359025753,842617513830,839402021517,630635165696,633893668352,630678161652.37
842617513830,845876022878,842660477754,633893668352,637152192000,633936632468.5032
845876022878,849134535542,845918989820,637152192000,640410719232,637195159134.0946
849134535542,852393043050,849177501384,640410719232,643669241344,640453685266.5646
852393043050,855651553626,852436008336,643669241344,646927766528,643712206822.6146
855651553626,858910064723,855694519365,646927766528,650186292224,646970732459.4979
858910064723,862168577356,858953039595,650186292224,653444819456,650229267288.5388
862168577356,865427088445,862211543436,653444819456,656703345152,653487785728.605
865427088445,868685599536,865470054434,656703345152,659961870848,656746311333.5782
868685599536,871944128017,868728565467,659961870848,663220413952,660004836971.8142
871944128017,875202638598,871987144064,663220413952,666478939136,663263430191.7762
875202638598,878461149681,875245644311,666478939136,669737464832,666521945041.8618
878461149681,881719662288,878504164570,669737464832,672995992064,669780479914.0613
881719662288,884978155448,881762667411,672995992064,676254499840,673038997379.8999
884978155448,888236666516,885021121603,676254499840,679513025536,676297466187.8822
888236666516,891495177067,888279632076,679513025536,682771550720,679555991288.9456
891495177067,894753684546,891538142079,682771550720,686030072832,682814515924.9432
894753684546,898012195603,894796658220,686030072832,689288598528,686073046699.061
898012195603,901270728688,898055169229,689288598528,692547146240,689331572346.9014
901270728688,904529238720,901313734014,692547146240,695805670912,692590151759.2166
904529238720,907787750804,904572242995,695805670912,699064197632,695848675380.1589
907787750804,911046262357,907830756055,699064197632,702322723840,699107203076.4141
911046262357,914304772374,911089268110,702322723840,705581248512,702365729786.4165
914304772374,917563285987,914347787840,705581248512,708839776768,705624264171.3015
917563285987,920821797546,917606290670,708839776768,712098302976,708882781644.3323
920821797546,924080309615,920864812956,712098302976,715356829696,712141318579.4069
924080309615,927338819105,924123314249,715356829696,718615353856,715399834523.6094
927338819105,930597330647,927381823181,718615353856,721873880064,718658358125.554
930597330647,933855842190,930640335735,721873880064,725132406272,721916885345.5453
933855842190,937114353743,933898847777,725132406272,728390932480,725175412052.4156
937114353743,940372873977,937157358750,728390932480,731649467392,728433937680.7161
940372873977,943631385509,940415874892,731649467392,734907993600,731692468500.6716
943631385509,946889871940,943674385870,734907993600,738166494720,734950994154.8422
946889871940,950148383488,946932839029,738166494720,741425020928,738209462002.3085
953406896545,956665408077,953449861539,744683548672,747942074880,744726513859.5099
956665408077,959923919078,956708374057,747942074880,751200600576,747985041053.7649
959923919078,963182429059,959966883517,751200600576,754459125248,751243565208.7052
963182429059,966440942113,963225395549,754459125248,757717652992,754502091931.7012
966440942113,969699453122,966483906543,757717652992,760976178688,757760617615.6525
969699453122,972957964627,969742417527,760976178688,764234704896,761019143286.8633
972957964627,976216476137,973000930554,764234704896,767493231104,764277671016.8042
