868477869186,878189513581,874973937786,439132708352,442391266304,441312340876.86523
878189513581,881447999976,878232514368,442391266304,445649770496,442434267325.859
881447999976,884706541672,881490962537,445649770496,448908329984,445692733291.5803
884706541672,913777567725,910562058871,474720983552,477979514880,477619092914.94385
913777567725,936395507919,933179971516,497339028480,500597578752,500134318749.95074
936395507919,946107135309,942891620553,507050749952,510309259264,509230368532.86584
946107135309,1084881482972,1081665941503,645825789952,649084367872,649008863338.1421
1084881482972,1088139950326,1084924457466,649084367872,652342853120,649127342601.9961
11246286157,14504753501,11289266268,674960941056,678219426304,675003921403.1589
14504753501,17763313494,14547723775,678219426304,681478004224,678262396814.4014
17763313494,21021784407,17806290896,681478004224,684736493056,681520981862.3416
21021784407,24280340315,21064802716,684736493056,687995066880,684779511601.5208
24280340315,27538811217,24323318655,687995066880,691253555712,688038045456.4917
27538811217,30797367116,27581830989,691253555712,694512129536,691296575720.6476
30797367116,34055838026,30840344404,694512129536,697770618368,694555107060.3805
34055838026,37314394431,34098856268,697770618368,701029192704,697813636846.7184
37314394431,40572864823,37357377318,701029192704,704287681024,701072175827.4904
40572864823,43831421241,40615882528,704287681024,707546255360,704330698965.5438
43831421241,47089892138,43874401551,707546255360,710804744192,707589235906.5686
47089892138,50348448025,47132862210,710804744192,714063318016,710847714500.5325
50348448025,53606918923,50391428898,714063318016,717321806848,714106299125.5585
53606918923,56865476862,53649941345,717321806848,720580382720,717364829506.7677
56865476862,60123945708,56908456856,720580382720,723838869504,720623362950.6066
60123945708,63382503636,60166914029,723838869504,727097445376,723881838061.615
63382503636,66641042110,63425484357,727097445376,730356001792,727140426333.6583
66641042110,69899530402,66684058778,730356001792,733614508032,730399018696.9391
69899530402,73158068868,69942512394,733614508032,736873064448,733657490260.7708
73158068868,76416557155,73201086336,736873064448,740131570688,736916082153.0095
76416557155,79675095632,76459539984,740131570688,743390127104,740174553753.6304
79675095632,82933583922,79718113963,743390127104,746648633344,743433145671.9747
82933583922,86192122380,82976567710,746648633344,749907189760,746691617368.8862
86192122380,89450611692,86235140178,749907189760,753165697024,749950207794.998
89450611692,92709150665,89493595378,753165697024,756424253952,753208680946.8461
92709150665,95967640483,92752169876,756424253952,759682761728,756467273400.085
95967640483,99226179458,96010623527,759682761728,762941318656,759725745008.8162
99226179458,102484666692,99269193162,762941318656,766199823872,762984332597.3717
102484666692,105743131428,102527641030,766199823872,769458306560,766242798446.7604
105743131428,109001704192,105786149910,769458306560,772716897280,769501325279.0486
109001704192,112260166348,109044722903,772716897280,775975377408,772759916228.269
112260166348,115518724762,112303180670,775975377408,779233953792,776018391967.2114
115518724762,118777194606,115561692237,779233953792,782492441600,779276921503.8805
118777194606,122035752503,118820202236,782492441600,785751017472,782535449467.2406
122035752503,125294222337,122078719903,785751017472,789009505280,785793985109.0118
125294222337,128552782284,125337229556,789009505280,792268083200,789052512736.2118
128552782284,131811250055,128595801112,792268083200,795526568960,792311102265.4938
131811250055,135069807962,131854255913,795526568960,798785144832,795569575055.0989
135069807962,138328320287,135112825390,798785144832,802043675136,798828162497.3507
138328320287,141586791140,138371342607,802043675136,805302163968,802086697693.3809
141586791140,144845347498,141629798409,805302163968,808560738304,805345171474.2783
144845347498,148103818862,144888364802,808560738304,811819227648,808603755845.3662
148103818862,151362377264,148146823201,811819227648,815077804032,811862232224.3147
151362377264,154620890604,151405399796,815077804032,818336335360,815120826801.4976
154620890604,164332465275,161116917046,824789435392,828047963648,826969049556.5483
164332465275,174044149502,170828622385,834501137920,837759701504,836680794970.189
174044149502,177302631101,174087133495,837759701504,841018201088,837802685734.2477
177302631101,187014277932,183798769029,847471370240,850729901568,849651007670.9894
187014277932,190272793313,187057279229,850729901568,853988434944,850772903102.4727
190272793313,193531307137,190315794119,853988434944,857246966784,854031435987.7472
193531307137,196789818927,193574301440,857246966784,860505496576,857289961324.5267
196789818927,200048332750,196832810882,860505496576,863764028416,860548488768.7114
200048332750,203306848128,200091314760,863764028416,867022561792,863807010663.4056
203306848128,206565361956,203349831311,867022561792,870281093632,867065545212.5969
206565361956,209823875785,206608344604,870281093632,873539625472,870324076517.5808
209823875785,213082387563,209866857934,873539625472,876798155264,873582607858.6179
213082387563,216340929547,213125366620,876798155264,880056715264,876841134558.6249
216340929547,219599414706,216383938313,880056715264,883315218432,880099724267.7009
219599414706,222857953096,219642396872,883315218432,886573774848,883358200835.7743
222857953096,232569520007,229353976526,893026868736,896285395456,895206482604.1211
232569520007,235828092183,232612484331,896285395456,899543985664,896328360017.7522
235828092183,239086557872,235871108314,899543985664,902802469376,899587002032.9277
239086557872,242345071174,239129557312,902802469376,906061000704,902845469053.8717
242345071174,245603559887,242388072386,906061000704,909319507456,906104002154.0548
245603559887,248862071658,245646578891,909319507456,912578037248,909362526697.914
248862071658,252120579831,248905087028,912578037248,915836563456,912621052856.079
252120579831,255379098759,252163598339,915836563456,919095100416,915879582202.0559
255379098759,265090748554,261875251524,925548270592,928806803968,927727913705.9069
265090748554,268349260301,265133750390,928806803968,932065333760,928849806042.1357
268349260301,271607774103,268392268103,932065333760,935323865600,932108341800.0763
271607774103,281319421823,278103908088,941777035776,945035567104,943956671684.4788
281319421823,284577937167,281362416284,945035567104,948294100480,945078561802.9231
284577937167,287836448904,284620930608,948294100480,951552630272,948337094159.2212
287836448904,297548097122,294332566963,958005800448,961264332288,960185431243.5653
297548097122,300806610392,297591078663,961264332288,964522863616,961307314067.1947
300806610392,316971394510,313755850907,977429203968,980687737344,980039540864.7972
316971394510,320229905728,317014408387,980687737344,983946266624,980730751459.4269
320229905728,323488420527,320272869162,983946266624,987204799488,983989230296.1866
323488420527,326746862120,323531423734,987204799488,990463259136,987247802933.2804
326746862120,330005405070,326789875938,990463259136,993721820160,990506273192.5826
330005405070,333263890676,330048388669,993721820160,996980323840,993764803997.4192
333263890676,336522433629,333306905605,996980323840,1000238884864,997023339007.5492
336522433629,339780924869,336565409827,1000238884864,1003497394176,1000281861300.3513
339780924869,343039439150,339823920330,1003497394176,1006755926528,1003540389875.4434
343039439150,352751088809,349535567399,1013209096192,1016467630080,1015388731453.0953
352751088809,356009626123,352794073078,1016467630080,1019726185472,1016510614587.4719
356009626123,359268116839,356052641860,1019726185472,1022984694272,1019769201447.729
359268116839,362526646460,359311094482,1022984694272,1026243241984,1023027672153.6072
362526646460,365785162275,362569660325,1026243241984,1029501775872,1026286256087.5717
365785162275,375496785278,372281245378,1035954922496,1039213452800,1038134546194.5198
375496785278,378755256542,375539750957,1039213452800,1042471942144,1039256418717.3999
378755256542,382013816364,378798260230,1042471942144,1045730520064,1042514946070.8419
382013816364,385272330608,382056835716,1045730520064,1048989052416,1045773539655.0643
385272330608,388530796227,385315343771,1048989052416,1052247536128,1049032065817.8354
388530796227,391789283870,388573791909,1052247536128,1055506041856,1052290532048.6312
391789283870,395047795559,391832301981,1055506041856,1058764571648,1055549060205.9916
395047795559,398306337967,395090809998,1058764571648,1062023132160,1058807586325.982
398306337967,401564830711,398349322152,1062023132160,1065281643008,1062066116583.8177
401564830711,404823344450,401607833834,1065281643008,1068540174848,1065324646369.8818
404823344450,414535016561,411319476541,1074993346048,1078251900928,1077172991600.7238
414535016561,417793507256,414577983047,1078251900928,1081510409728,1078294867652.7327
417793507256,421052021496,417836490595,1081510409728,1084768942080,1081553393305.917
421052021496,424310529580,421094998147,1084768942080,1088027468288,1084811918970.0385
424310529580,427569043308,424353509328,1088027468288,1091286000128,1088070448274.8971
427569043308,430827504297,427612008255,1091286000128,1094544479232,1091328965313.8582
430827504297,434086071267,430870468277,1094544479232,1097803064320,1094587443450.8846
434086071267,437344585002,434129086529,1097803064320,1549968384,1097846079821.0021
437344585002,440603045463,437387597762,1549968384,4808446976,1592981383.3352277
440603045463,443861538188,440646045000,4808446976,8066957824,4851446752.1537285
443861538188,447120051913,443904552720,8066957824,11325489664,8109972595.129986
447120051913,450378569212,447163057433,11325489664,14584025088,11368495423.2116
450378569212,453637082930,450421570452,14584025088,17842556928,14627026567.148468
453637082930,456895593055,453680077450,17842556928,21101085184,17885551687.230076
456895593055,466607245142,463391726857,27554259456,30812791296,29733894665.44624
466607245142,482771975649,479556430294,43719083520,46977611776,46329413812.34204
482771975649,486030490888,482814989706,46977611776,50236145152,47020626072.4176
486030490888,489289006627,486073504599,50236145152,53494679040,50279159102.57405
489289006627,492547526982,489332006718,53494679040,56753217536,53537679370.39228
492547526982,495806008939,492590521162,56753217536,60011717632,56796211955.3358
495806008939,499064522639,495848972113,60011717632,63270249472,60054681045.174095
499064522639,502323036322,499107536780,63270249472,66528781312,63313263852.68221
502323036322,505581550026,502366040080,66528781312,69787313152,66571785309.34723
505581550026,508840063194,505624550454,69787313152,73045844480,69830313819.6454
508840063194,512098596338,508883059826,73045844480,76304395776,73088841351.51721
512098596338,515357115665,512141561162,76304395776,79562933248,76347360839.2488
515357115665,518615625769,515400131668,79562933248,82821461504,79605949490.62685
518615625769,521874140986,518658639738,82821461504,86079994880,82864475712.70752
521874140986,525132583503,521917144804,86079994880,89338455552,86122998937.60353
525132583503,528391095137,525175548104,89338455552,92596985344,89381420392.41953
528391095137,531649600100,528434114905,92596985344,95855508480,92640005351.92543
531649600100,541361308402,538145807694,102308737536,105567270912,104488385915.4838
541361308402,544619822077,541404322494,105567270912,108825802752,105610285243.78757
544619822077,547878261000,544662837203,108825802752,112084259840,108868818117.79881
547878261000,551136772618,547921279220,112084259840,115342789632,112127278299.92952
551136772618,554395289872,551179787267,115342789632,118601325056,115385804520.85637
554395289872,557653801491,554438293231,118601325056,121859854848,118644328654.83344
557653801491,560912316698,557696804865,121859854848,125118388224,121902858461.78044
560912316698,564170828820,560955312518,125118388224,128376918528,125161384283.91013
564170828820,567429349139,564213825453,128376918528,131635457024,128419915400.84808
567429349139,570687857177,567472331906,131635457024,134893983232,131678440030.67929
570687857177,580399504998,577183981647,141347178496,144605685248,143526794750.36575
580399504998,583658017115,580442484162,144605685248,147864215552,144648664651.88312
583658017115,586916530266,583700993229,147864215552,151122746880,147907191905.73416
586916530266,590175043926,586959495581,151122746880,154381278720,151165712434.7134
590175043926,593433557059,590218008705,154381278720,157639810048,154424243738.9082
593433557059,596692069689,593476571622,157639810048,160898340864,157682824851.06747
596692069689,599950587947,596735083949,160898340864,164156877312,160941355364.1182
599950587947,603209025816,599993589706,164156877312,167415333376,164199879311.12024
603209025816,606467534858,603252040775,167415333376,170673860608,167458348575.12274
606467534858,609726054143,606510500671,170673860608,173932398080,170716826660.8081
609726054143,612984570349,609769057932,173932398080,177190932480,173975402109.11264
612984570349,629149358914,625933828400,190097279488,193355811328,192707617971.1721
629149358914,632407867431,629192340620,193355811328,196614338048,193398793274.1086
632407867431,635666377987,632450844618,196614338048,199872866816,196657315475.20197
635666377987,638924890081,635709351232,199872866816,203131397120,199915840301.1534
638924890081,642183410888,638967855345,203131397120,206389936128,203174362623.9895
642183410888,645441925033,642226426757,206389936128,209648468480,206432952237.35184
645441925033,655153526171,651938063257,216101638144,219360123904,218281255448.82013
655153526171,658412013685,655196519182,219360123904,222618629632,219403117155.31845
658412013685,661670527315,658455028421,222618629632,225877161472,222661644608.38513
661670527315,664929042975,661713530996,225877161472,229135695360,225920165393.5608
664929042975,668187555064,664972037690,229135695360,232394225664,229178690315.3394
668187555064,671446070220,668230550601,232394225664,235652759040,232437221441.40973
671446070220,674704585884,671489055913,235652759040,238911292928,235695744973.40738
674704585884,677963097966,674747565847,238911292928,242169823232,238954273131.34924
677963097966,681221610049,678006075391,242169823232,245428353536,242212800897.32184
681221610049,684480124182,681264588192,245428353536,248686885888,245471331919.29932
684480124182,687738634211,684523100871,248686885888,251945414144,248729862817.39703
687738634211,690997146288,687781606830,251945414144,255203944448,251988387003.3741
690997146288,694255665015,691040110605,255203944448,258462481408,255246909005.4063
694255665015,697514173511,694298629722,258462481408,261721008128,258505446355.29056
697514173511,700772621584,697557188754,261721008128,264979474432,261764023611.67004
700772621584,704031133653,700815636751,264979474432,268238004736,265022489839.71774
704031133653,707289649301,704074147796,268238004736,271496538624,268281019119.7777
707289649301,710548162899,707332663952,271496538624,274755070464,271539553515.80716
710548162899,713806676509,710591162618,274755070464,278013602304,274798070423.56516
713806676509,723518325195,720302809176,284466775552,287725305344,286646409774.0162
723518325195,726776840842,723561322826,287725305344,290983839232,287768303215.6985
726776840842,730035354435,726819827076,290983839232,294242371072,291026825706.714
730035354435,733293866490,730078331367,294242371072,297500901376,294285348244.68835
733293866490,736552378034,733336839246,297500901376,300759431168,297543874372.65186
736552378034,739810852712,736595351798,300759431168,304017924096,300802405172.6866
739810852712,743069408800,739853853109,304017924096,307276498432,304060924733.80334
743069408800,746327920861,743112428189,307276498432,310535028736,307319518061.8469
746327920861,749586393495,746370934726,310535028736,313793519616,310578042841.8585
749586393495,759298004749,756082450884,320246648320,323505185280,322426270479.7749
759298004749,762556536250,759341019831,323505185280,326763735040,323548200603.0326
762556536250,765815033454,762599521168,326763735040,330022250496,326806720198.77374
765815033454,769073557774,765858029697,330022250496,333280793088,330065246980.0991
769073557774,772332064195,769116538186,333280793088,336539317760,333323773740.7347
772332064195,775590574191,772375041563,336539317760,339797846016,336582295368.83606
775590574191,778849002779,775633548547,339797846016,343056292864,339840820612.8252
778849002779,782107601342,778891997649,343056292864,346314909696,343099287975.0464
782107601342,785366113383,782150566065,346314909696,349573440000,346357874659.8046
785366113383,788624525584,785409128834,349573440000,352831870464,349616455692.0963
788624525584,791883031977,788667517534,352831870464,356090395136,352874862655.16876
791883031977,795141547092,791926023492,356090395136,359348928512,356133386891.92816
795141547092,798400059118,795184528918,359348928512,362607458816,359391910579.0983
798400059118,801658588568,798443034884,362607458816,365866006528,362650434822.85205
801658588568,804917089333,801701593085,365866006528,369124525568,365909011286.1869
804917089333,808175601367,804960103189,369124525568,372383055872,369167539665.17236
808175601367,811434120044,808218606130,372383055872,375641592832,372426060876.2925
811434120044,814692608528,811477115685,375641592832,378900099584,375684588714.04565
814692608528,817951145116,814735622711,378900099584,382158654464,378943114008.4628
817951145116,821209616189,817994127189,382158654464,385417143808,382201636778.01044
821209616189,824468122585,821252582009,385417143808,388675668480,385460109868.9826
824468122585,827726642792,824511088540,388675668480,391934206976,388718634676.15375
827726642792,830985154816,827769646269,391934206976,395192737280,391977210694.24615
830985154816,834243667865,831028155884,395192737280,398451268608,395235738589.21936
834243667865,837502182444,834286663464,398451268608,401709801472,398494264448.26776
837502182444,840760698548,837545165925,401709801472,404968335872,401752785194.3447
840760698548,844019207493,840803677622,404968335872,408226863104,405011315187.20184
844019207493,847277727189,844062173439,408226863104,411485401088,408269829291.1405
847277727189,850536236119,847320690267,411485401088,414743928320,411528364407.3098
850536236119,853794679015,850579250631,414743928320,418002389504,414786943073.4188
853794679015,857053193077,853837694246,418002389504,421260921856,418045404976.444
857053193077,860311707139,857096206472,421260921856,424519454208,421303935492.43365
860311707139,863570223246,860354707463,424519454208,427777988608,424562454773.3997
863570223246,866828736783,863613219218,427777988608,431036520448,427820984821.50745
866828736783,870087254425,866871722266,431036520448,434295056384,431079506172.3295
870087254425,873345764899,870130230423,434295056384,437553585152,434338032623.2768
873345764899,876604274852,873388737084,437553585152,440812113408,437596557578.3741
876604274852,879862792490,876647239618,440812113408,444070649344,440855078415.2659
879862792490,883121304489,879905806695,444070649344,447329179648,444113663790.6364
883121304489,886379706410,883164309242,447329179648,450587599872,447372184642.56506
886379706410,889638224041,886422701723,450587599872,453846135808,450630595426.52985
889638224041,892896799535,889681207890,453846135808,457104729600,453889119898.3688
892896799535,896155312050,892939774986,457104729600,460363260416,457147705292.3659
896155312050,899413765163,896198277563,460363260416,463621731840,460406226170.44635
899413765163,902672279202,899456728442,463621731840,466880264192,463664695360.4556
902672279202,905930791194,902715292990,466880264192,470138794496,466923278221.7264
905930791194,909189311895,905973796117,470138794496,473397333504,470181799660.6099
909189311895,912447820295,909232307964,473397333504,476655860224,473440329814.73267
912447820295,915706294910,912490814667,476655860224,479914353152,476698854837.6333
915706294910,918964805374,915749259951,479914353152,483172881920,479957318434.34717
918964805374,922223322474,919007818884,483172881920,486431417344,483215895671.88293
922223322474,925481838044,922266326650,486431417344,489689951232,486474421761.75134
925481838044,928740351562,925524832878,489689951232,492948483072,489732946307.7518
928740351562,931998865596,928783346818,492948483072,496207015424,492991478569.70135
931998865596,935257375537,932041848436,496207015424,499465543680,496249998505.5922
935257375537,938515887503,935300354184,499465543680,502724073984,499508522568.8719
938515887503,941774404613,938558861966,502724073984,505982609408,502767048688.53143
941774404613,945032916595,941817367233,505982609408,509241139712,506025572269.57074
945032916595,948291352282,945075931861,509241139712,512499593728,509284155219.96484
948291352282,951549865801,948334317834,512499593728,515758125568,512542559521.574
951549865801,954808379299,951592884017,515758125568,519016657408,515801144026.1473
954808379299,958066894857,954851394423,519016657408,522275191296,519059672773.9713
958066894857,961325408370,958109894528,522275191296,525533723136,522318191208.845
961325408370,964583921871,961368402897,525533723136,528792254976,525576717904.97437
964583921871,967842433848,964626915365,528792254976,532050785280,528835248711.8103
967842433848,971100947362,967885418117,532050785280,535309317120,532093769790.7451
971100947362,974359462911,971143923901,535309317120,538567851008,535352293900.8729
974359462911,977617982029,974402427187,538567851008,541826388480,538610815526.0014
977617982029,980876379826,977660995992,541826388480,545084804608,541869402684.98676
980876379826,984134901013,980919381505,545084804608,548343344128,545127806528.9348
984134901013,987393472881,984177893462,548343344128,551601934336,548386336818.9715
987393472881,990651986372,987436454598,551601934336,554860466176,551644916295.0342
990651986372,993910498335,990694959947,554860466176,558118996480,554903439992.8829
993910498335,997169013367,993953462741,558118996480,561377529856,558161961127.8707
997169013367,1000427468491,997212027480,561377529856,564636003328,561420544211.2078
1000427468491,1003685980456,1000470482157,564636003328,567894533632,564679017236.0822
1003685980456,1006944488316,1003728984963,567894533632,571153059840,567937538381.1498
1006944488316,1010202996694,1006987489290,571153059840,574411586560,571196061056.0505
1010202996694,1013461485088,1010246000819,574411586560,577670093312,574454590927.2809
1013461485088,1016719989879,1013504499540,577670093312,580928616448,577713108006.1663
1016719989879,1019978512075,1016762953223,580928616448,584187156992,580971580033.9167
1019978512075,1023237027603,1020021516493,584187156992,587445690880,584230161652.307
1023237027603,1026495539035,1023280023430,587445690880,590704220672,587488686949.2588
1026495539035,1029754054060,1026538534470,590704220672,593962754048,590747216349.1377
1029754054060,1033012567558,1029797037315,593962754048,597221285888,594005737544.9504
1033012567558,1036271075917,1033055544281,597221285888,600479812608,597264262853.1647
1036271075917,1039529595542,1036314051211,600479812608,603738350592,600522788144.1294
1039529595542,1042788108505,1039572610392,603738350592,606996881920,603781365684.432
1042788108505,1046046546725,1042831122445,606996881920,610255338496,607039896102.3136
1046046546725,1049305060724,1046089562321,610255338496,613513870848,610298354334.2777
1049305060724,1052563575221,1049348075972,613513870848,616772403712,613556886338.4604
1052563575221,1055822089214,1052606575823,616772403712,620030936064,616815404556.2725
1055822089214,1059080608831,1055865083845,620030936064,623289474048,620073930937.3439
1059080608831,1062339117692,1059123591877,623289474048,626548001280,623332457336.3323
1062339117692,1065597632187,1062382098901,626548001280,629806534144,626590982731.295
1065597632187,1068856140548,1065640608996,629806534144,633065060864,629849511195.1388
1068856140548,1072114660156,1068899104770,633065060864,636323598848,633108025328.2911
1072114660156,1075373174147,1072157675807,636323598848,639582131200,636366614741.3837
1075373174147,1078631608253,1075416177220,639582131200,642840583680,639625134515.4902
1078631608253,1081890127350,1078674573126,642840583680,646099121152,642883548795.2817
1081890127350,1085148667946,1081933142611,646099121152,649357680128,646142136655.6302
1085148667946,1088407176798,1085191641470,649357680128,652616207360,649400653894.3971
1088407176798,1091665695902,1088450149516,652616207360,655874744832,652659180320.2336
1091665695902,1094924183251,1091708709838,655874744832,659133250560,655917759010.6135
1094924183251,1098182697232,1094967163140,659133250560,662391782912,659176230691.314
1098182697232,1929588534,1098225675348,662391782912,665650320384,662434761270.6069
1929588534,5188097398,1972603797,665650320384,668908847616,665693335889.4741
5188097398,8446541729,5231112427,668908847616,672167310336,668951862887.755
8446541729,11705044945,8489508933,672167310336,675425831936,672210277782.4148
11705044945,14963564552,11748008843,675425831936,678684369920,675468796076.3026
14963564552,18222083633,15006568145,678684369920,681942907392,678727373755.7112
18222083633,21480597615,18265083997,681942907392,685201439744,681985907998.4163
21480597615,24739111562,21523591128,685201439744,688459972096,685244433499.8394
24739111562,27997619898,24782094182,688459972096,691718498816,688502954958.5012
27997619898,31256133857,28040600300,691718498816,694977031168,691761479460.607
31256133857,34514652936,31299109002,694977031168,698235568640,695020006555.577
34514652936,37773161268,34557667397,698235568640,701494095360,698278583343.7338
37773161268,41031606110,37816177111,701494095360,704752558592,701537111445.7727
41031606110,44290109317,41074572671,704752558592,708011080192,704795525395.5297
44290109317,47548633512,44333073688,708011080192,711269622784,708054044805.5686
47548633512,50807147471,47591634114,711269622784,714528155136,711312623628.7211
50807147471,54065660904,50850147969,714528155136,717786686976,714571155876.9053
54065660904,57324174864,54108654145,717786686976,721045219328,717829680459.6664
57324174864,60582683182,57367161416,721045219328,724303746048,721088206122.761
60582683182,63841197126,60625667637,724303746048,727562278400,724346730745.8279
63841197126,67099668582,63884170785,727562278400,730820768256,727605252301.6646
67099668582,70358182030,67142674385,730820768256,734079300096,730863774301.7373
70358182030,73616695976,70401182094,734079300096,737337832448,734122300402.8896
73616695976,76875211451,73659691820,737337832448,740596366336,737380828534.958
76875211451,80133723342,76918202615,740596366336,743854896640,740639357742.9318
80133723342,83392236778,80176701153,743854896640,747113428480,743897874693.7377
83392236778,86650743551,83435200729,747113428480,750371953664,747156392673.7521
86650743551,89909264150,86693707966,750371953664,753630492672,750414918321.7273
89909264150,93167755044,89952278211,753630492672,756889001984,753673506976.1288
93167755044,96426264893,93210720468,756889001984,760147530240,756931967650.7075
96426264893,99684780366,96469230304,760147530240,763406064128,760190495893.8125
99684780366,102943294296,99727794932,763406064128,766664596480,763449078937.1827
102943294296,106201733485,102986309404,766664596480,769923054080,766707611831.0461
106201733485,109460239744,106244748633,769923054080,773181578752,769966069471.0677
109460239744,112718760337,109503254923,773181578752,776440117760,773224594174.0933
112718760337,115977275804,112761764802,776440117760,779698651648,776483122468.1123
115977275804,119235789735,116020277247,779698651648,782957184000,779741653334.0955
119235789735,122494303147,119278782532,782957184000,786215715840,783000177040.1389
122494303147,125752815032,122537285767,786215715840,789474246144,786258698702.9628
125752815032,129011323329,125795796215,789474246144,792732772864,789517227570.0077
129011323329,132269843919,129054298953,792732772864,795991311872,792775748730.9094
132269843919,135528352207,132312858424,795991311872,799249838592,796034326620.3148
135528352207,138786865623,135571367267,799249838592,802508370432,799292853895.212
138786865623,142045308374,138829879274,802508370432,805766831616,802551384326.3281
142045308374,145303821784,142088323251,805766831616,809025363456,805809846736.2902
145303821784,148562342874,145346825026,809025363456,812283902976,809068366941.2238
148562342874,151820875747,148605342657,812283902976,815542454272,812326903002.111
151820875747,155079387616,151863840833,815542454272,818800984576,815585419601.0746
155079387616,158337902570,155122352309,818800984576,822059517952,818843949511.9008
158337902570,161596416488,158380918118,822059517952,825318050304,822102533743.3467
161596416488,164854850022,161639431679,825318050304,828576502272,825361065738.3507
164854850022,168113367012,164897813640,828576502272,831835037696,828619466133.0527
168113367012,171371930081,168156380423,831835037696,835093619200,831878051350.3442
171371930081,174630370785,171414945189,835093619200,838352078336,835136634551.3232
174630370785,177888880584,174673389136,838352078336,841610606592,838395096930.6666
177888880584,181147426251,177931896617,841610606592,844869170688,841653622868.2811
181147426251,184405934530,181190404597,844869170688,848127697408,844912149277.229
184405934530,187664443323,184448911570,848127697408,851386224640,848170674691.1952
187664443323,190922968499,187707416514,851386224640,854644768256,851429198074.1854
190922968499,194181472170,190965987480,854644768256,857903290368,854687787480.4594
194181472170,197439922583,194224486760,857903290368,861161759232,857946305201.5706
197439922583,200698437001,197482936376,861161759232,864420292096,861204773268.4951
200698437001,203956995461,200741451524,864420292096,867678868992,864463306862.364
203956995461,207215438701,204000011221,867678868992,870937330688,867721884995.6437
207215438701,210473951067,207258453678,870937330688,874195861504,870980345908.5548
210473951067,213732464981,210516965249,874195861504,877454393856,874238875929.3917
213732464981,216990982462,213775466614,877454393856,880712929792,877497395732.5448
216990982462,220249496359,217033978726,880712929792,883971462144,880755926299.5148
220249496359,223508010257,220292481646,883971462144,887229994496,884014447674.4393
223508010257,226766520575,223550993241,887229994496,890488523264,887272977723.3738
226766520575,230025028835,226809494101,890488523264,893747049984,890531497033.4523
230025028835,233283549908,230068002124,893747049984,897005589504,893790023516.2786
233283549908,236542056626,233326564471,897005589504,900264114688,897048604310.7642
236542056626,239800501400,236585072525,900264114688,903522577920,900307130830.6708
239800501400,243059016837,239843468957,903522577920,906781111808,903565545720.2993
243059016837,246317529185,243102031314,906781111808,910039642624,906824126528.7897
246317529185,249576044619,246360532197,910039642624,913298176512,910082645879.5396
249576044619,252834558504,249619039265,913298176512,916556708864,913341171401.6638
252834558504,256093070347,252877552470,916556708864,919815239168,916599703073.5809
256093070347,259351584229,256136054427,919815239168,923073771520,919858223491.6436
259351584229,262610096079,259394562506,923073771520,926332301824,923116750040.3998
262610096079,265868613549,262653071115,926332301824,929590837760,926375277103.5392
265868613549,269127125384,265911632452,929590837760,932849368064,929633856906.828
269127125384,272385570151,269170140550,932849368064,936107831296,932892383473.7589
272385570151,275644076858,272428534977,936107831296,939366356480,936150796365.6272
275644076858,278902597400,275687091721,939366356480,942624895488,939409371586.7648
278902597400,282161128688,278945598278,942624895488,945883445248,942667896609.7638
282161128688,285419642560,282204107886,945883445248,949141977600,945926424689.7477
285419642560,288678165148,285462614578,949141977600,952400518656,949184949861.5482
288678165148,291936668266,288721179513,952400518656,955659040256,952443533264.9745
291936668266,295195114568,291979632822,955659040256,958917505024,955702005055.4852
295195114568,298453617690,295238129665,958917505024,962176026624,958960520364.9258
298453617690,301712186347,298496580922,962176026624,965434613760,962218990099.6399
301712186347,304970629044,301755202707,965434613760,968693074944,965477630364.0563
304970629044,308229139341,305013594113,968693074944,971951603712,968736040256.5492
308229139341,311487656284,308272153845,971951603712,975210139136,971994618459.9609
311487656284,314746170149,311530661966,975210139136,978468671488,975253145061.9904
314746170149,318004684021,314789169547,978468671488,981727203840,978511671129.8623
318004684021,321263197376,318047679679,981727203840,984985735680,981770199741.9071
321263197376,324521711242,321306182674,984985735680,988244268032,985028721221.8616
324521711242,327780224597,324564694396,988244268032,991502799872,988287251429.8362
327780224597,331038734877,327823199463,991502799872,994761328640,991545774981.829
331038734877,334297251814,331081699390,994761328640,998019864064,994804293396.7566
334297251814,337555765679,334340216212,998019864064,1001278396416,998062828705.7561
337555765679,340814231410,337598769404,1001278396416,1004536880640,1001321400385.0621
340814231410,344072719672,340857226862,1004536880640,1007795387392,1004579876335.9738
344072719672,347331260164,344115734046,1007795387392,1011053946368,1007838402009.998
347331260164,350589746879,347374238595,1011053946368,1014312451584,1011096925043.0225
350589746879,353848275068,350632742646,1014312451584,1017570998272,1014355447595.0914
353848275068,357106774078,353891248209,1017570998272,1020829515776,1017613971656.8992
357106774078,360365310977,357149756301,1020829515776,1024088071168,1020872498242.9347
360365310977,363623801275,360408315642,1024088071168,1027346579968,1024131076077.1843
363623801275,366882263422,363666765564,1027346579968,1030605060608,1027389544500.8385
366882263422,370140828475,366925277253,1030605060608,1033863644160,1030648074683.1912
370140828475,373399292148,370183842239,1033863644160,1037122126336,1033906658168.2512
373399292148,376657775284,373442292050,1037122126336,1040380627968,1037165126482.0787
376657775284,379916297831,376700742375,1040380627968,1043639169024,1040423595303.0608
379916297831,383174811162,379959299220,1043639169024,1046897700864,1043682170657.2563
383174811162,386433322973,383217813023,1046897700864,1050156231168,1046940702969.0481
386433322973,389691838347,386476318578,1050156231168,1053414765056,1050199227017.2893
389691838347,392950369610,389734821145,1053414765056,1056673314816,1053457748097.9911
392950369610,396208860413,392993384792,1056673314816,1059931824128,1056716330242.3364
396208860413,399467323571,396251836143,1059931824128,1063190305792,1059974800102.0748
399467323571,402725891177,399510339230,1063190305792,1066448891904,1063233321695.2938
402725891177,405984335893,402768905288,1066448891904,1069707355136,1066491906259.4261
405984335893,409242871754,406027351029,1069707355136,1072965909504,1069750370516.3064
409242871754,412501364090,409285866940,1072965909504,1076224420352,1073008904934.2623
412501364090,415759894311,412544364956,1076224420352,1079482969088,1076267421462.3313
415759894311,419018387157,415802878314,1079482969088,1082741480448,1079525953335.2251
419018387157,422276927629,419061383482,1082741480448,1086000039424,1082784477017.1595
422276927629,425535414841,422319941381,1086000039424,1089258545152,1086043053420.421
425535414841,428793928678,425578394287,1089258545152,1092517077504,1089301524842.2108
428793928678,432052390803,428836906074,1092517077504,1095775558144,1092560055144.2031
432052390803,435310956348,432095405126,1095775558144,1099034142208,1095818572711.458
435310956348,438569425636,435353970751,1099034142208,2781002240,1099077156855.4789
438569425636,441827907727,438612420617,2781002240,6039502848,2823997465.3278637
441827907727,445086453290,441870921678,6039502848,9298066944,6082517043.642138
445086453290,448344942034,445129433514,9298066944,12556574208,9341047412.28312
448344942034,451603473781,448387937159,12556574208,15815124480,12599569577.430552
451603473781,454861969686,451646451008,15815124480,19073638912,15858101951.357862
454861969686,458120483524,454904956630,19073638912,22332171264,19116626100.240253
458120483524,461378947669,458163459753,22332171264,25590653952,22375147737.565582
461378947669,464637501952,461421962886,25590653952,28849226752,25633669413.437458
464637501952,467895974799,464680465491,28849226752,32107718144,28892190535.51909
467895974799,471154493755,467938974739,32107718144,35366255616,32150718328.340137
471154493755,474412972248,471197488645,35366255616,38624752640,35409250750.51239
474412972248,477671519851,474455985618,38624752640,41883318784,38667766254.74427
477671519851,480930026000,477714497463,41883318784,45141843456,41926296640.30651
480930026000,484188516772,480973004172,45141843456,48400352768,45184821872.535065
484188516772,487447034178,484231511934,48400352768,51658888704,48443348174.497826
487447034178,490705545946,487490020702,51658888704,54917419008,51701875472.52825
490705545946,493964057711,490748523331,54917419008,58175949312,54960396637.51582
493964057711,497222567949,494007030075,58175949312,61434478080,58218921920.3687
497222567949,500481086877,497265533238,61434478080,64693015552,61477443613.51242
500481086877,503739598652,500524102451,64693015552,67951545856,64736031370.60111
503739598652,506998036169,503782602029,67951545856,71210001920,67994549477.77486
506998036169,510256549483,507041050380,71210001920,74468533760,71253016375.55363
510256549483,513515063280,510299563788,74468533760,77727066112,74511548309.93694
513515063280,516773577100,513558064907,77727066112,80985598464,77770067983.56125
516773577100,520032093976,516816571680,80985598464,84244133888,81028593288.73204
520032093976,523290635944,520075079479,84244133888,87502694400,84287119635.62575
523290635944,526549147698,523333638979,87502694400,90761224704,87545697679.80693
526549147698,529807585230,526592149337,90761224704,94019680768,90804226587.567
529807585230,533066100565,529850600838,94019680768,97278214656,94062696620.91786
533066100565,536324613856,533109104025,97278214656,100536746496,97321218360.79605
536324613856,539583106159,536367614397,100536746496,103795257344,100579747281.72823
539583106159,542841607165,539626121204,103795257344,107053776896,103838272633.82333
542841607165,546100154760,542884574746,107053776896,110312343040,107096744721.58926
546100154760,549358646556,546143134796,110312343040,113570853376,110355323320.54562
549358646556,552617149598,549401642632,113570853376,116829374976,113613849696.87352
552617149598,555875695140,552660143790,116829374976,120087939072,116872369412.80684
555875695140,559134176684,555918659278,120087939072,123346439168,120130903454.61415
559134176684,562392651063,559177159419,123346439168,126604932096,123389422147.68098
562392651063,565651201724,562435666224,126604932096,129863501312,126647947501.93904
565651201724,568909717061,565694165869,129863501312,133122035200,129906465701.59846
568909717061,572168193476,568952731535,133122035200,136380530176,133165049919.01991
572168193476,575426672460,572211188701,136380530176,139639027712,136423525645.79135
575426672460,578685222086,575469687823,139639027712,142897595904,139682043320.08548
578685222086,581943726162,578728198240,142897595904,146156118528,142940572302.6281
581943726162,585202226132,581986707109,146156118528,149414637056,146199099719.78757
585202226132,588460740426,585245207808,149414637056,152673169920,149457618976.94897
588460740426,591719253194,588503714107,152673169920,155931701248,152716143845.7716
591719253194,594977761863,591762218906,155931701248,159190228480,155974667204.7661
594977761863,598236281287,595020726138,159190228480,162448766464,159233192999.7176
598236281287,601494789959,598279295161,162448766464,165707293696,162491780583.00092
601494789959,604753252544,601537804813,165707293696,168965774848,165750308795.10236
604753252544,608011745337,604796246904,168965774848,172224286208,169008769452.98334
608011745337,611270259632,608054758577,172224286208,175482819072,172267299693.11563
611270259632,614528796453,611313260051,175482819072,178741374464,175525819736.0673
614528796453,617787289244,614571771694,178741374464,181999885824,178784349949.90076
617787289244,621045822495,617830274696,181999885824,185258437632,182042871520.79752
621045822495,624304315286,621088836567,185258437632,188516948992,185301451949.122
624304315286,627562831117,624347289895,188516948992,191775483392,188559923845.8954
627562831117,630821293692,627605797537,191775483392,195033964544,191818450056.95822
630821293692,634079851499,630864297499,195033964544,198292540928,195076968596.16418
634079851499,637338326373,634122866055,198292540928,201551034368,198335555729.08655
637338326373,640596840664,637381321436,201551034368,204809567232,201594029676.06488
640596840664,643855325771,640639822923,204809567232,208068070912,204852549735.99408
643855325771,647113843629,643898327467,208068070912,211326607360,208111072853.32672
647113843629,650372355361,647156839195,211326607360,214585137664,211369603171.0547
650372355361,653630890635,650415347337,214585137664,217843691520,214628129885.1644
653630890635,656889404416,653673905674,217843691520,221102223872,217886706804.15234
656889404416,660147888489,656932417914,221102223872,224360726528,221145237615.3042
660147888489,663406350556,660190864644,224360726528,227619207168,224403702927.961
663406350556,666664924736,663449312894,227619207168,230877799936,227662169751.07156
666664924736,669923330468,666707938821,230877799936,234136224256,230920814266.37943
669923330468,673181902611,669966324571,234136224256,237394814976,234179218604.1078
673181902611,676440356477,673224895718,237394814976,240653287424,237437808328.17694
676440356477,679698871783,676483341425,240653287424,243911821312,240696272617.12585
679698871783,682957384010,679741847526,243911821312,247170352128,243954797300.16592
682957384010,686215938734,683000349007,247170352128,250428925440,247213317370.08823
686215938734,689474452506,686258920135,250428925440,253687457792,250471907086.07938
689474452506,692732926841,689517429834,253687457792,256945950720,253730435365.2305
692732926841,695991437025,692775930341,256945950720,260204479488,256988954465.25845
695991437025,699249954371,696034438477,260204479488,263463015424,260247481185.32538
699249954371,702508459432,699292948679,263463015424,266721539072,263506009977.24597
702508459432,705766939405,702551455294,266721539072,269980037632,266764535179.2567
705766939405,709025472608,705809906626,269980037632,273238589440,270023005098.3267
709025472608,712283966923,709068468037,273238589440,276497102336,273281585114.17395
712283966923,715542480673,712326970565,276497102336,279755634688,276540106223.4965
715542480673,718801019524,715585481317,279755634688,283014192128,279798635577.30597
718801019524,722059508187,718843984378,283014192128,286272699392,283057157227.26373
722059508187,725318044988,722102503820,286272699392,289531254784,286315695270.3039
725318044988,728576535701,725361060106,289531254784,292789764096,289574270147.5242
728576535701,731835043817,728619510456,292789764096,296048290816,292832739096.3584
731835043817,735093475656,731878008906,296048290816,299306741248,296091256150.1639
735093475656,738351996574,735136467445,299306741248,302565280768,299349733282.4283
738351996574,741610508283,738394975622,302565280768,305823811072,302608260061.2639
741610508283,744869002575,741653472578,305823811072,309082323968,305866775612.2997
744869002575,748127537315,744911984348,309082323968,312340877312,309125305986.3965
748127537315,751386049526,748170551436,312340877312,315599408128,312383891678.596
751386049526,754644557641,751429053520,315599408128,318857934848,315642412367.5386
754644557641,757903078553,754687561723,318857934848,322116474368,318900939175.57764
757903078553,761161574381,757946072505,322116474368,325374988800,322159468565.46893
761161574381,764420060987,761204574044,325374988800,328633494016,325417988708.5814
764420060987,767678596234,764463025416,328633494016,331892047872,328676458690.36334
767678596234,770937088474,767721592496,331892047872,335150558720,331935044379.53516
770937088474,774195623207,770980093549,335150558720,338409112064,335193564040.6219
774195623207,777454115447,774238603824,338409112064,341667622912,338452092926.4458
777454115447,780712606146,777497112032,341667622912,344926132224,341710619742.60315
780712606146,783971121420,780755609502,344926132224,348184666112,344969135825.65314
783971121420,787229634655,784014121348,348184666112,351443197952,348227666285.51495
787229634655,790488148390,787272630088,351443197952,354701730304,351486193630.6476
790488148390,793746661619,790531143471,354701730304,357960262144,354744725630.5664
793746661619,797005173304,793789643519,357960262144,361218792448,358003244289.5968
797005173304,800263687042,797048150775,361218792448,364477324800,361261770164.5054
800263687042,803522202307,800306652381,364477324800,367735858688,364520290384.5546
803522202307,806780713997,803565221059,367735858688,370994388992,367778877685.7414
806780713997,810039159120,806823677102,370994388992,374252852736,371037352342.52075
810039159120,813297680536,810082172547,374252852736,377511392768,374295866408.7366
813297680536,816556186073,813340684376,377511392768,380769916928,377554396853.77545
816556186073,819814702355,816599187531,380769916928,384028451840,380812918631.85333
819814702355,823073216602,819857697842,384028451840,387286984704,384071447572.6478
823073216602,826331735971,823116208698,387286984704,390545522688,387329977045.6017
826331735971,829590243042,826374709807,390545522688,393804048384,390588496769.6302
829590243042,832848753696,829633216539,393804048384,397062577664,393847022126.6411
832848753696,836107273049,832891728400,397062577664,400321115648,397105552613.7134
836107273049,839365783200,836150288927,400321115648,403579644416,400364131771.76465
839365783200,842624252883,839408798277,403579644416,406838132736,403622659739.02716
842624252883,845882706195,842667247683,406838132736,410096604672,406881127781.7409
845882706195,849141218381,845925691971,410096604672,413355135488,410139590693.76404
849141218381,852399792517,849184200790,413355135488,416613728256,413398118142.7665
852399792517,855658244287,852442767450,416613728256,419872198656,416656703434.70654
855658244287,858916760045,855701208158,419872198656,423130733056,419915162772.7967
858916760045,862175293734,858959775334,423130733056,426389285376,423173748590.94434
862175293734,865433771610,862218288741,426389285376,429647781888,426432280628.8985
865433771610,868692299673,865476786308,429647781888,432906328576,429690796831.8622
868692299673,871950811844,868735300761,432906328576,436164859392,432949329910.0495
871950811844,875209325562,871993807014,436164859392,439423391744,436207854807.87036
875209325562,878467796784,875252309701,439423391744,442681881600,439466376128.8105
878467796784,881726316127,878510759638,442681881600,445940419584,442724844699.77747
881726316127,884984828302,881769321192,445940419584,449198950400,445983424895.0195
884984828302,888243343550,885027833096,449198950400,452457484288,449241955440.00446
888243343550,891501857262,888286339363,452457484288,455716016640,452500480346.9532
891501857262,894760369437,891544842043,455716016640,458974547456,455759001666.9034
894760369437,898018808907,894803350886,458974547456,462233005568,459017529150.903
898018808907,901277393279,898061801859,462233005568,465491608576,462275998765.8787
901277393279,904535910565,901320358318,465491608576,468750144512,465534573860.90875
904535910565,907794420692,904578925522,468750144512,472008673280,468793159715.0762
907794420692,911052865281,907837435401,472008673280,475267136512,472051688235.10614
911052865281,914311378995,911095879741,475267136512,478525668864,475310151218.0335
914311378995,917569898319,914354392197,478525668864,481784206848,478568682312.3163
917569898319,920828409986,917612893369,481784206848,485042737152,481827202143.9094
920828409986,924086923686,920871405278,485042737152,488301269504,485085732690.1086
924086923686,927345439433,924129908497,488301269504,491559803904,488344254561.0616
927345439433,930603947510,927388417376,491559803904,494818330624,491602782092.891
930603947510,933862415125,930646924227,494818330624,498076816896,494861307587.0717
933862415125,937120980031,933905378311,498076816896,501335400448,498119780327.84186
937120980031,940379488614,937163995218,501335400448,504593927680,501378415881.1832
940379488614,943637892243,940422503573,504593927680,507852349952,504636942885.11066
943637892243,946896469934,943680892645,507852349952,511110946304,507895350600.2518
946896469934,950154919637,946939455808,511110946304,514369414656,511153932424.01996
950154919637,953413495280,950197903756,514369414656,517628008960,514412399021.1586
953413495280,956671946520,953456474619,517628008960,520886478848,517670988544.96924
956671946520,959930524214,956714918982,520886478848,524145075200,520929451556.0522
959930524214,963188979034,959973489827,524145075200,527403548672,524188041058.9431
963188979034,966447549551,963231993102,527403548672,530662137856,527446562986.4098
966447549551,969705984920,966490553194,530662137856,533920591872,530705141745.0963
969705984920,972964503722,969748999610,533920591872,537179129344,533963606808.45685
972964503722,976223017426,973007508526,537179129344,540437661696,537222134394.1102
976223017426,979481502433,976266017430,540437661696,543696165376,540480661946.41486
979481502433,982740012543,979524467464,543696165376,546954694144,543739130653.0147
982740012543,985998531355,982783030614,546954694144,550213231616,546997712461.34424
985998531355,989257045036,986041535953,550213231616,553471763968,550256236460.4126
989257045036,992515556680,989300046408,553471763968,556730294272,553514765586.2491
992515556680,995774073950,992558550710,556730294272,559988830208,556773288548.2858
995774073950,999032610670,995817066781,559988830208,563247385600,560031823285.3567
999032610670,1002291024518,999075625379,563247385600,566505818112,563290400555.3856
1002291024518,1005549607316,1002334018096,566505818112,569764419584,566548811936.3838
1005549607316,1008808124076,1005592582330,569764419584,573022955008,569807394844.1506
1008808124076,1012066637247,1008851087668,573022955008,576281486848,573065918846.1512
1012066637247,1015325073620,1012109652423,576281486848,579539941888,576324502270.4263
1015325073620,1018583587806,1015368038452,579539941888,582798474752,579582906966.2771
1018583587806,1021842104051,1018626553544,582798474752,586057009664,582841440736.137
1021842104051,1025100616702,1021885110104,586057009664,589315540992,586100015963.5001
1025100616702,1028359136013,1025143616480,589315540992,592574078976,589358541016.411
1028359136013,1031617647127,1028402130045,592574078976,595832608768,592617073254.4447
1031617647127,1034876166442,1031660631298,595832608768,599091146752,595875593185.2687
1034876166442,1038134678570,1034919139222,599091146752,602349677568,599134119778.4546
1038134678570,1041393187648,1038177644080,602349677568,605608205312,602392643324.123
1041393187648,1044651593287,1041436152521,605608205312,608866629632,605651170431.325
1044651593287,1047910173003,1044694596954,608866629632,612125228032,608909633545.5739
1047910173003,1051168621145,1047953166829,612125228032,615383694848,612168222104.3954
1051168621145,1054427145568,1051211615871,615383694848,618642237952,615426689820.487
1054427145568,1057685659755,1054470120775,618642237952,621900770816,618685213405.3234
1057685659755,1060944228726,1057728625105,621900770816,625159358464,621943736412.2627
1060944228726,1064202676861,1060987190907,625159358464,628417825280,625202320891.3064
1064202676861,1067461185415,1064245639439,628417825280,631676352512,628460788104.2645
1067461185415,1070719693964,1067504151961,631676352512,634934879744,631719319304.3533
1070719693964,1073978213264,1070762710042,634934879744,638193417728,634977896068.6497
1073978213264,1077236728967,1074021217475,638193417728,641451952128,638236422185.7533
1077236728967,1080495241102,1077279724390,641451952128,644710482944,641494947797.4921
1080495241102,1083753760403,1080538236421,644710482944,647969020928,644753478509.5173
1083753760403,1087012268939,1083796738708,647969020928,651227548160,648011999479.592
1087012268939,1090270781076,1087055246124,651227548160,654486078976,651270525591.3612
1090270781076,1093529301914,1090313745281,654486078976,657744618496,654529043427.3257
1093529301914,1096787782296,1093572264966,657744618496,661003117568,657787581794.4275
1096787782296,534666642,1096830769281,661003117568,664261648384,661046104799.6152
534666642,3793178252,577644288,664261648384,667520178688,664304626276.5618
3793178252,7051614082,3836152687,667520178688,670778633216,667563153369.6017
7051614082,10310129792,7094606846,670778633216,674037167616,670821626226.5953
10310129792,13568645498,10353109632,674037167616,677295702016,674080147702.574
13568645498,16827157623,13611610438,677295702016,680554232832,677338667202.4492
16827157623,20085665650,16870123991,680554232832,683812759552,680597199446.484
20085665650,23344183395,20128681097,683812759552,687071296000,683855775245.897
23344183395,26602695011,23387186960,687071296000,690329826304,687114299811.6312
26602695011,29861207127,26645695435,690329826304,693588357120,690372826974.7715
29861207127,33119720788,29904206885,693588357120,696846889472,693631357124.6488
33119720788,36378197570,33162713295,696846889472,700105384960,696889882225.808
36378197570,39636748596,36421163910,700105384960,703363954688,700148351546.5992
39636748596,42895269423,39679721510,703363954688,706622494208,703406927848.5208
42895269423,46153678113,42938235090,706622494208,709880921600,706665460121.6062
46153678113,49412255769,46196678025,709880921600,713139517952,709923921758.7108
49412255769,52670767880,49455241203,713139517952,716398048768,713182503632.7515
52670767880,55929228281,52713750162,716398048768,719656527872,716441031296.7108
55929228281,59187793643,55972192568,719656527872,722915111936,719699492405.5864
59187793643,62446307296,59230759391,722915111936,726173644288,722958077930.5592
62446307296,65704767696,62489325700,726173644288,729432123392,726216662938.9314
65704767696,68963263422,65747780396,729432123392,732690637824,729475136338.9225
68963263422,72221779112,69006278100,732690637824,735949172224,732733652748.985
72221779112,75480285604,72264793224,735949172224,739207697408,735992186582.7449
75480285604,78738799243,75523299634,739207697408,742466229760,739250711685.0211
78738799243,81997312886,78781798885,742466229760,745724762112,742509229648.8857
81997312886,85255805017,82040308878,745724762112,748983272960,745767758350.9719
85255805017,88514322255,85298809689,748983272960,752241808896,749026277878.769
88514322255,91772832311,88557316675,752241808896,755500337664,752284803562.8955
91772832311,95031349538,91815828722,755500337664,758758873600,755543334321.867
95031349538,98289859592,95074331091,758758873600,762017402368,758801855399.848
98289859592,101548366065,98332839057,762017402368,765275927552,762060382079.7968
101548366065,104806804961,101591345482,765275927552,768534385152,765318907215.7092
104806804961,108065399999,104849799213,768534385152,771792998912,768577379651.02
108065399999,111323828647,108108416279,771792998912,775051446272,771836015439.0272
111323828647,114582335118,111366807510,775051446272,778309971456,775094425381.8197
114582335118,117840861035,114625313443,778309971456,781568516096,778352950027.9469
117840861035,121099369044,117883877240,781568516096,784827042816,781611532548.0076
121099369044,124357881141,121142384203,784827042816,788085573632,784870058222.1069
124357881141,127616389143,124400895755,788085573632,791344100352,788128588493.0908
127616389143,130874902778,127659392988,791344100352,794602632704,791387104444.0154
130874902778,134133423073,130917903018,794602632704,797861171712,794645633190.9414
134133423073,137391931583,134176415632,797861171712,801119698944,797904164518.0168
137391931583,140650450335,137434916462,801119698944,804378236416,801162684069.9457
140650450335,143908962945,140693423422,804378236416,807636767744,804421209749.8519
143908962945,147167422299,143951928321,807636767744,810895245824,807679733366.9172
147167422299,150425938991,147210441946,810895245824,814153781248,810938265718.304
150425938991,153684471059,150468943294,814153781248,817412332032,814196785798.0034
153684471059,156942983656,153727452307,817412332032,820670863360,817455313527.0703
156942983656,160201492686,156985957225,820670863360,823929391104,820713837175.8022
160201492686,163459996076,160244465224,823929391104,827187913216,823972363888.9022
163459996076,166718508664,163502969630,827187913216,830446444544,827230887017.1448
166718508664,169976981850,166761481735,830446444544,833704936448,830489417861.8549
169976981850,173235480113,170019985127,833704936448,836963453440,833747939972.1716
173235480113,176493994255,173278494169,836963453440,840221986304,837006467743.14
176493994255,179752506335,176536994995,840221986304,843480517120,840264987291.2484
179752506335,183011022005,179795501455,843480517120,846739051520,843523512487.1366
183011022005,186269518230,183054016122,846739051520,849997566464,846782045883.9872
186269518230,189528043110,186312518002,849997566464,853256110080,850040566483.2418
189528043110,192786564412,189571024460,853256110080,856514650112,853299091677.057
192786564412,196045071378,192829530950,856514650112,859773175808,856557616896.973
196045071378,199303487714,196088037411,859773175808,863031610880,859816142088.0562
199303487714,202562092459,199346489106,863031610880,866290234368,863074612519.3375
202562092459,205820515467,202605056525,866290234368,869548676096,866333198680.8333
205820515467,209079013732,205863498503,869548676096,872807193088,869591659379.0289
209079013732,212337532971,209122008046,872807193088,876065731072,872850187649.3297
212337532971,215596041465,212380510940,876065731072,879324258304,876108709288.1442
215596041465,218854561230,215639020999,879324258304,882582796800,879367238085.0599
218854561230,222113071256,218897523387,882582796800,885841325568,882625759204.1057
222113071256,225371585385,222156086188,885841325568,889099858432,885884340747.3167
225371585385,228630097456,225414599878,889099858432,892358389248,889142873172.4463
228630097456,231888611584,228673097160,892358389248,895616922112,892401389199.2423
231888611584,235147125195,231931612884,895616922112,898875454464,895659923659.3175
235147125195,238405639316,235190116814,898875454464,902133987328,898918446330.2881
238405639316,241664108897,238448623854,902133987328,905392475648,902176972113.198
241664108897,244922617393,241707124746,905392475648,908651002880,905435491744.3356
244922617393,248181136630,244965631776,908651002880,911909540864,908694017510.4714
248181136630,251439652280,248224136773,911909540864,915168075264,911952541254.4294
251439652280,254698164353,251482648419,915168075264,918426606080,915211071650.3143
254698164353,257956680021,254741156478,918426606080,921685140480,918469598452.1459
257956680021,261215192083,257999658887,921685140480,924943671296,921728119593.36
261215192083,264473704155,261258167468,924943671296,928202202112,924986646928.2081
264473704155,267732219802,264516668365,928202202112,931460736512,928245166569.2622
267732219802,270990666334,267775235345,931460736512,934719201792,931503752302.4968
270990666334,274249174824,271033681452,934719201792,937977729024,934762217157.4105
274249174824,277507688425,274292138329,937977729024,941236261376,938020692776.2319
277507688425,280766202534,277550692495,941236261376,944494794240,941279265693.5182
280766202534,284024719719,280809202112,944494794240,947753330176,944537794065.4392
284024719719,287283231789,284067713763,947753330176,951011860992,947796324467.3418
287283231789,290541748963,287326215720,951011860992,954270396928,951054845170.4944
290541748963,293800261035,290584723791,954270396928,957528927744,954313372003.205
293800261035,297058684523,293843225229,957528927744,960787369984,957571892185.256
297058684523,300317285162,297101680078,960787369984,964045989376,960830365786.4362
300317285162,303575791589,300360300288,964045989376,967304514560,964089004749.6088
303575791589,306834202795,303618806856,967304514560,970562944512,967347530074.4717
306834202795,310092716371,306877198216,970562944512,973821476864,970605940180.7455
310092716371,313351229986,310135702734,973821476864,977080009216,973864463474.1788
313351229986,316609743579,313394210313,977080009216,980338541568,977122989790.4342
316609743579,319868259218,316652719942,980338541568,983597075968,980381518178.4376
319868259218,323126772803,319911222927,983597075968,986855608320,983640039924.4441
323126772803,326385284861,323169787854,986855608320,990114139136,986898623618.6211
326385284861,329643803580,326428290335,990114139136,993372676608,990157144857.4994
329643803580,332902312052,329686798977,993372676608,996631203840,993415672252.5347
332902312052,336160831273,332945312711,996631203840,999889741824,996674204746.6036
336160831273,339419296740,336203814187,999889741824,1003148226048,999932724985.4264
339419296740,342677840529,339462262395,1003148226048,1006406788608,1003191191950.5059
342677840529,345936323922,342720825813,1006406788608,1009665290752,1006449774139.3596
345936323922,349194843133,345979339067,1009665290752,1012923828736,1009708306144.8191
349194843133,352453351086,349237838472,1012923828736,1016182355456,1012966824322.6267
352453351086,355711870314,352496351730,1016182355456,1019440893440,1016225356347.5112
355711870314,358970378267,355754852681,1019440893440,1022699420160,1019483876054.5519
358970378267,362228821197,359013359269,1022699420160,1025957881856,1022742401409.5359
362228821197,365487334776,362271814147,1025957881856,1029216414208,1026000875053.6917
365487334776,368745848363,365530313586,1029216414208,1032474946560,1029259393265.5048
368745848363,372004361956,368788812494,1032474946560,1035733478912,1032517910938.341
372004361956,375262873490,372047325741,1035733478912,1038992009216,1035776442944.4843
375262873490,378521389109,375305837997,1038992009216,1042250543616,1039034973970.633
378521389109,381779902691,378564394253,1042250543616,1045509075968,1042293549007.7223
381779902691,385038421398,381822903936,1045509075968,1048767613440,1045552077460.6335
385038421398,388296934972,385081415681,1048767613440,1052026145792,1048810607970.7653
388296934972,391555450088,388339917687,1052026145792,1055284679680,1052069128754.6194
391555450088,394813963677,391598425305,1055284679680,1058543212032,1055327655144.4575
394813963677,398072420421,394856928326,1058543212032,1061801687552,1058586176928.5725
398072420421,401330983658,398115435469,1061801687552,1065060269568,1061844702847.8944
401330983658,404589449112,401373998918,1065060269568,1068318753792,1065103285075.7843
404589449112,407847902271,404632449224,1068318753792,1071577225728,1068361754151.7903
407847902271,411106417383,407890897489,1071577225728,1074835759616,1071620221193.7443
411106417383,414364992914,411149408709,1074835759616,1078094353920,1074878751189.6776
414364992914,417623442490,414407970121,1078094353920,1081352822272,1078137331374.6454
417623442490,420881957083,417666421438,1081352822272,1084611355648,1081395801467.7429
420881957083,424140471688,420924921919,1084611355648,1087869889024,1084654320731.5033
424140471688,427398986278,424183486381,1087869889024,1091128422400,1087912903964.9884
427398986278,430657477839,427441990971,1091128422400,1094386932736,1091171427340.7874
430657477839,433916014969,430700442816,1094386932736,1097645488640,1094429897960.5419
433916014969,437174527522,433959009882,1097645488640,1392392192,1097688483800.7294
437174527522,440433034937,437217512424,1392392192,4650918400,1435377341.9096243
440433034937,443691515228,440476027779,4650918400,7909417472,4693911489.799118
443691515228,446950031360,443734529310,7909417472,11167952384,7952431801.905623
446950031360,450208546985,446993031855,11167952384,14426486784,11210953126.761364
450208546985,453467063108,450251542583,14426486784,17685021696,14469482629.917814
453467063108,456725571560,453510046156,17685021696,20943548928,17728004991.727318
456725571560,459984085635,456768552823,20943548928,24202081792,20986530438.835373
459984085635,463242603301,460027059465,24202081792,27460618240,24245055869.699905
463242603301,466501042619,463285567675,27460618240,30719076352,27503582861.809597
466501042619,469759551578,466544007750,30719076352,33977604096,30762041730.689995
469759551578,473018072315,469802523116,33977604096,37236143616,34020575881.699665
473018072315,476276579210,473061086074,37236143616,40494669312,37279157623.181656
476276579210,479535095346,476319592768,40494669312,43753204224,40537683117.84981
479535095346,482793607373,479578099959,43753204224,47011735040,43796209084.97017
482793607373,486052121449,482836603058,47011735040,50270267904,47054730972.90529
486052121449,489310642177,486095114325,50270267904,53528807424,50313261027.94138
489310642177,492569105053,489353615361,53528807424,56787289088,53571780855.77949
492569105053,495827663149,492612119481,56787289088,60045865984,56830303764.16843
495827663149,499086177224,495870629239,60045865984,63304398848,60088832321.74783
499086177224,502344589920,499129192755,63304398848,66562830336,63347414627.080284
502344589920,505603162364,502387585780,66562830336,69821421568,66605826443.90184
505603162364,508861676433,505646157488,69821421568,73079954432,69864416939.99443
508861676433,512120131620,508904655475,73079954432,76338428416,73122933721.93253
512120131620,515378702009,512163096123,76338428416,79597017600,76381393166.81352
515378702009,518637152087,515421666799,79597017600,82855486464,79639982637.70569
518637152087,521895730140,518680116690,82855486464,86114083328,82898451315.02446
521895730140,525154170995,521938744214,86114083328,89372542976,86157097650.08295
525154170995,528412698883,525197185373,89372542976,92631089664,89415557602.17043
528412698883,531671202202,528455694620,92631089664,95889611776,92674085648.9724
531671202202,534929714217,531714197231,95889611776,99148142592,95932607053.07323
534929714217,538188229821,534972709573,99148142592,102406676992,99191138196.00882
538188229821,541446713676,538231212160,102406676992,105665179648,102449659579.00212
541446713676,544705255902,541489718354,105665179648,108923740672,105708184574.08702
544705255902,547963741296,544748221491,108923740672,112182244864,108966706508.86581
547963741296,551222285053,548006736392,112182244864,115440807424,112225240208.09755
551222285053,554480768390,551265299434,115440807424,118699309568,115483822053.26625
554480768390,557739206169,554523745709,118699309568,121957766144,118742287134.92392
557739206169,560997796004,557782191494,121957766144,125216374784,122000751717.06406
560997796004,564256230195,561040810314,125216374784,128474827776,125259389342.19037
564256230195,567514742194,564299203370,128474827776,131733358592,128517801199.15811
567514742194,570773259333,567557706516,131733358592,134991894528,131776323161.8429
570773259333,574031774934,570816274672,134991894528,138250428928,135034910115.16376
574031774934,577290281302,574074779372,138250428928,141508954112,138293433614.3259
577290281302,580548802012,577333286110,141508954112,144767493632,141551959168.24777
580548802012,583807308894,580591797987,144767493632,148026019328,144810489855.25055
583807308894,587065822447,583850304714,148026019328,151284551680,148069015396.0513
587065822447,590324335993,587108818127,151284551680,154543084032,151327547608.14282
590324335993,593582812675,590367315132,154543084032,157801579520,154586063419.05014
593582812675,596841368717,593625816763,157801579520,161060154368,157844583856.18808
596841368717,600099779332,596884383925,161060154368,164318583808,161103169824.5142
600099779332,603358292884,600142780586,164318583808,167577116160,164361585310.09583
603358292884,606616806942,603401286294,167577116160,170835649024,167620109818.12967
606616806942,609875325610,606659788953,170835649024,174094186496,170878631283.03717
609875325610,613133888803,609918290590,174094186496,177352768512,174137151724.18604
613133888803,616392353186,613176861334,177352768512,180611251712,177395741291.15805
616392353186,619650916395,616435368090,180611251712,183869833728,180654266864.2632
619650916395,622909363886,619693880020,183869833728,187128300032,183912797601.05515
622909363886,626167893798,622952327903,187128300032,190386848768,187171264297.1962
626167893798,629426391460,626210888903,190386848768,193645365248,190429844121.299
629426391460,632684878373,629469391589,193645365248,196903870976,193688365625.28928
632684878373,635943420076,632727841533,196903870976,200162431488,196946834383.99258
635943420076,639201905444,635986415431,200162431488,203420935680,200205427091.38055
639201905444,642460442017,639244909391,203420935680,206679491072,203463939875.36035
642460442017,645718925356,642503419721,206679491072,209937993216,206722469024.0282
645718925356,648977474220,645761925951,209937993216,213196560896,209980994059.3005
648977474220,652235959574,649020489550,213196560896,216455065088,213239576474.6808
652235959574,655494465938,652278938454,216455065088,219713590272,216498044216.23108
655494465938,658752897556,655537444693,219713590272,222972040704,219756569275.1569
658752897556,662011493004,658795892598,222972040704,226230654976,223015035994.37036
662011493004,665269926674,662054457206,226230654976,229489107456,226273619426.01993
665269926674,668528434562,665312905614,229489107456,232747634176,229532086644.38953
668528434562,671786958838,668571410834,232747634176,236006177280,232790610696.3202
671786958838,675045466734,671829973933,236006177280,239264704000,236049192623.49295
675045466734,678303976680,675088480707,239264704000,242523232768,239307718221.4599
678303976680,681562499949,678346991092,242523232768,245781774848,242566247428.31616
681562499949,684821005782,681605495308,245781774848,249040299520,245824770455.577
684821005782,688079518288,684864001561,249040299520,252298830848,249083295547.35458
688079518288,691337994953,688122511934,252298830848,255557326336,252341824742.3582
691337994953,694596546376,691381009515,255557326336,258815896576,255600341146.39413
694596546376,697855028657,694639524484,258815896576,262074397696,258858874932.47903
697855028657,701113542697,697898029763,262074397696,265332930560,262117399050.41168
701113542697,704372039326,701156538097,265332930560,268591446016,265375926208.4196
704372039326,707630554903,704415039262,268591446016,271849980416,268634446200.3916
707630554903,710889068923,707673550672,271849980416,275108513280,271892976433.64468
710889068923,714147582964,710932051295,275108513280,278367046144,275151495900.2902
714147582964,717406056033,714190559633,278367046144,281625538048,278410023061.4187
717406056033,720664544972,717449070023,281625538048,284884045824,281668552286.6596
720664544972,723923122496,720707510268,284884045824,288142642176,284927011368.2527
723923122496,727181597613,723966137393,288142642176,291401136128,288185657321.6395
727181597613,730440086568,727224583257,291401136128,294659643904,291444122020.2846
730440086568,733698582670,730483087502,294659643904,297918158848,294702645086.64954
733698582670,736957096701,733741597895,297918158848,301176691712,297961174321.612
736957096701,740215615849,737000101115,301176691712,304435229696,301219696374.58875
740215615849,743474129366,740258612541,304435229696,307693762048,304478226636.5313
743474129366,746732643385,743517124470,307693762048,310952294912,307736757400.65405
746732643385,749991151793,746775627718,310952294912,314210822144,310995279493.3151
749991151793,753249661723,750034130948,314210822144,317469350912,314253801547.4698
753249661723,756508133265,753292637765,317469350912,320727841280,317512327202.2965
756508133265,759766692849,756551146130,320727841280,323986419712,320770854393.79285
759766692849,763025134179,759809707733,323986419712,327244879872,324029434844.576
763025134179,766283642569,763068099356,327244879872,330503407104,327287845297.4419
766283642569,769542161205,766326607748,330503407104,333761944576,330546372531.36194
769542161205,772800675227,769585164235,333761944576,337020477440,333804947854.6603
772800675227,776059188743,772843675142,337020477440,340279009792,337063477603.5631
776059188743,779317707882,776102185576,340279009792,343537547776,340322006873.6637
779317707882,782576216270,779360690362,343537547776,346796075008,343580530504.5683
782576216270,785834724665,782619195625,346796075008,350054602240,346839054611.4579
785834724665,789093248928,785877701945,350054602240,353313145344,350097579768.49744
789093248928,792351752194,789136264591,353313145344,356571667456,353356161255.787
792351752194,795610196577,792394719200,356571667456,359830130688,356614634710.5496
795610196577,798868704957,795653162039,359830130688,363088657920,359873096398.5754
798868704957,802127223597,798911668346,363088657920,366347195392,363131621557.2989
802127223597,805385742728,802170227416,366347195392,369605733376,366390199459.80963
805385742728,808644256233,805428737316,369605733376,372864265728,369648728212.6775
808644256233,811902770247,808687248264,372864265728,376122798592,372907258007.7023
811902770247,815161278131,811945754580,376122798592,379381325312,376165783173.4735
815161278131,818419792133,815204257867,379381325312,382639858176,379424305296.7894
818419792133,821678310768,818462757012,382639858176,385898395648,382682823303.3735
821678310768,824936814028,821721326873,385898395648,389156917760,385941412001.8687
824936814028,828195263536,824979828581,389156917760,392415386112,389199932561.7583
828195263536,831453771908,828238279638,392415386112,395673913344,392458402462.974
831453771908,834712290537,831496785957,395673913344,398932450816,395716927641.7369
834712290537,837970804545,834755294368,398932450816,402190983680,398975454895.8497
837970804545,841229318051,838013799200,402190983680,405449516032,402233978583.66473
841229318051,844487831547,841272311714,405449516032,408708048384,405492509943.7909
844487831547,847746339927,844530813460,408708048384,411966575616,408751030545.67053
847746339927,851004805301,847789320348,411966575616,415225059840,412009556285.63885
851004805301,854263372038,851047768345,415225059840,418483645440,415268023132.70197
854263372038,857521880422,854306386331,418483645440,421742172672,418526659981.80505
857521880422,860780324795,857564896275,421742172672,425000635904,421785188773.9642
860780324795,864038832666,860823292041,425000635904,428259162624,425043603398.5462
864038832666,867297351798,864081846018,428259162624,431517700608,428302176224.8516
867297351798,870555865282,867340354439,431517700608,434776232960,431560703498.0012
870555865282,873814379806,870598864917,434776232960,438034766336,434819232843.7726
873814379806,877072894326,873857374352,438034766336,441293299712,438077761130.7959
877072894326,880331408847,877115879675,441293299712,444551833088,441336285309.72955
880331408847,883589871648,880374382459,444551833088,447810314752,444594806948.77106
883589871648,886848437366,883632886787,447810314752,451068899328,447853330139.93756
886848437366,890106946248,886891451531,451068899328,454327427072,451111913741.9891
890106946248,893365386012,890149959950,454327427072,457585885696,454370441022.96533
893365386012,896623907186,893408349072,457585885696,460844425728,457628849004.6396
896623907186,899882421188,896666918936,460844425728,464102958592,460887437726.97473
899882421188,903140933649,899925420719,464102958592,467361489920,464145958371.9701
903140933649,906399451228,903183927574,467361489920,470620026368,467404484093.9637
906399451228,909657961661,906442432432,470620026368,473878555648,470663007820.60034
909657961661,912916473605,909700938805,473878555648,477137086464,473921533040.90643
912916473605,916174991187,912959447727,477137086464,480395622912,477180060834.8094
916174991187,919433503649,916218006846,480395622912,483654154240,480438638820.0503
919433503649,922691948016,919476518339,483654154240,486912617472,483697169179.0367
922691948016,925950451263,922734963288,486912617472,490171139584,486955632993.0355
925950451263,929208976008,925993466104,490171139584,493429683200,490214154674.1106
929208976008,932467491545,929251976087,493429683200,496688217600,493472683527.9203
932467491545,935726004005,932510486057,496688217600,499946748928,496731212360.9542
935726004005,938984519537,935768986307,499946748928,503205283328,499989731478.8833
938984519537,942243031479,939027493227,503205283328,506463814144,503248257266.91284
942243031479,945501541882,942285996564,506463814144,509722343424,506506779477.90265
945501541882,948760007752,945544507026,509722343424,512980828160,509765308816.7614
948760007752,952018571403,948803009846,512980828160,516239410688,513023830503.113
952018571403,955277005530,952061576147,516239410688,519497863680,516282415680.97986
955277005530,958535521048,955320020093,519497863680,522756398080,519540878492.25494
958535521048,961794036580,958578524445,522756398080,526014932480,522799401726.00543
961794036580,965052548524,961837039568,526014932480,529273463296,526057935717.0561
965052548524,968311067630,965095543940,529273463296,532532001280,529316458961.0909
968311067630,971569578025,968354050372,532532001280,535790530560,532574984271.1105
971569578025,974828089981,971612557297,535790530560,539049061376,535833510080.7605
974828089981,978086603970,974871066773,539049061376,542307594240,539092038416.94385
978086603970,981345117443,978129570141,542307594240,545566126592,542350560659.9351
981345117443,984603631432,981388133396,545566126592,548824659456,545609142794.1707
984603631432,987862070671,984646634707,548824659456,552083117568,548867662980.07654
987862070671,991120587721,987905085823,552083117568,555341653504,552126132969.311
991120587721,994379105300,991163592128,555341653504,558600189952,555384658160.0243
994379105300,997637622348,994422106748,558600189952,561858725888,558643191649.2579
997637622348,1000896136342,997680617056,561858725888,565117258752,561901720844.9817
